x,y,x3,x4,x5
1.0,1.0,0.0,57.37508372365826,0.0
1.0,2.0,0.0,56.4865813837747,123.92812709780019
1.0,3.0,0.0,55.52795374765664,91.17843734039234
1.0,4.0,0.00018356772084515363,50.80169827669431,38.059908008136574
1.0,5.0,0.00019438726003410736,54.0698218920393,4.828056101132692
1.0,6.0,0.00020720744484527284,54.267194441623,0.0
1.0,7.0,0.0002219089174940264,56.49212576254171,0.0
1.0,8.0,0.0002383813094195646,53.241380630018746,0.0
1.0,9.0,0.0002566023467432097,56.898617311946396,0.0
1.0,10.0,0.00027642991255443996,55.06456003574113,52.57084105186128
1.0,11.0,0.0002977309287760339,51.09231347683886,147.57180354301
1.0,12.0,0.00032015854576466894,56.3056305152082,96.40877098538132
1.0,13.0,0.0003433039804506603,55.0182245333992,23.070221055733597
1.0,14.0,0.0003665199546099064,52.50673614458144,0.0
1.0,15.0,0.0003889519137371632,57.13306678761381,0.0
1.0,16.0,0.0004095570651522136,50.96844631112957,0.0
1.0,17.0,0.00042723864256341494,55.967295078734914,132.0290846156497
1.0,18.0,0.00044083283309530807,56.07465308294377,0.0
1.0,19.0,0.00044932324902942046,54.16827655064119,210.4831845620266
1.0,20.0,0.00045236986751164785,54.18411420890948,244.51092985836564
1.0,21.0,0.00044925007532191244,57.89727188805112,37.34329994754677
1.0,22.0,0.0004402153453328782,56.465291032690835,123.80787607683833
1.0,23.0,0.00042642653136016717,53.43655351083899,40.87389440324674
1.0,24.0,0.0004085469519512657,54.2447029795303,63.36619626612418
1.0,25.0,0.0003877463338719182,54.179271596574914,189.40906811617427
1.0,26.0,0.00036518263011989217,53.74207243474559,233.62865807516485
1.0,27.0,0.0003418320820196017,51.93069150832841,24.255602916490353
1.0,28.0,0.0003185464818604684,52.98183988213206,37.33275352781351
1.0,29.0,0.0002959687889735607,56.1061961898852,0.0
1.0,30.0,0.000274546963010687,56.48431989897062,56.95680410540879
1.0,31.0,0.0002545241458991825,52.170030207444725,3.3404672693991913
1.0,32.0,0.00023610979821857845,54.6781485451928,0.0
1.0,33.0,0.000219341268731101,51.46610655870007,0.0
1.0,34.0,0.00020428673875185372,54.977431474155686,197.82372473928504
1.0,35.0,0.0001909228489089235,54.29630397448689,0.0
1.0,36.0,0.00017932224738146407,55.5550017314723,185.9732581986193
1.0,37.0,0.0,52.357716014406485,238.58129075653056
1.0,38.0,0.0,51.08590896725546,77.33142916025119
1.0,39.0,0.0,56.55402618706272,144.99669083318295
1.0,40.0,0.0,56.379604517702596,0.0
2.0,1.0,0.0,55.58278929777969,0.0
2.0,2.0,0.0,56.335704306238014,127.60404491382249
2.0,3.0,0.0,55.41057125957734,9.51345110558798
2.0,4.0,0.00017766153820147215,52.08622977769897,0.0
2.0,5.0,0.00018905963375368264,54.54538034409878,0.0
2.0,6.0,0.00020267003449930948,54.60130663130346,64.99233114732715
2.0,7.0,0.00021842668237996931,51.04576904520477,0.0
2.0,8.0,0.00023629027829824296,56.63998446420309,0.0
2.0,9.0,0.00025630978429141206,55.26069620802129,98.99108581893567
2.0,10.0,0.00027842527852798947,54.525029568405536,0.0
2.0,11.0,0.0003025717393803253,57.54087318280967,165.29814501003494
2.0,12.0,0.0003284557822628324,54.32520780675863,0.0
2.0,13.0,0.00035566985816899694,55.74965302431817,21.013151315395053
2.0,14.0,0.0003834973800955498,56.872156410798596,0.0
2.0,15.0,0.00041090968259002605,51.952715761938364,0.0
2.0,16.0,0.0004365641821453154,50.387300292697674,0.0
2.0,17.0,0.0004589421343453748,51.733230631256646,0.0
2.0,18.0,0.00047638509303653834,55.449349865943574,0.0
2.0,19.0,0.0004873959740528103,52.372088787637885,17.008197146844218
2.0,20.0,0.0004913509977921311,56.47480966146832,4.828735812575259
2.0,21.0,0.0004873235305971137,54.74154395754454,0.0
2.0,22.0,0.00047569847067554296,53.036257628971654,97.94668012591859
2.0,23.0,0.00045806258945821013,53.251764106131056,79.37724610670426
2.0,24.0,0.0004354925362401366,53.92283841231877,160.42709731849772
2.0,25.0,0.00040965269146512473,53.53163420012889,0.0
2.0,26.0,0.00038211983221747646,55.5809561347934,58.58952203638202
2.0,27.0,0.0003541711098529489,53.97471489603918,0.0
2.0,28.0,0.0003268317615606999,54.36510719601617,58.72584629978927
2.0,29.0,0.00030081346395358414,54.78823058868738,254.3696734356757
2.0,30.0,0.0002765587844109761,52.12326828245489,86.46272549922715
2.0,31.0,0.0002542644072507673,56.139489123679425,0.0
2.0,32.0,0.00023406402942838378,52.95624805003075,0.0
2.0,33.0,0.00021592042672080822,57.28282579760669,186.21590951753097
2.0,34.0,0.00019982251700375743,54.690583716969826,0.0
2.0,35.0,0.00018568323970023448,56.454532253607944,79.16942407180122
2.0,36.0,0.0001735136161240695,53.24599548718541,140.93468492195075
2.0,37.0,0.0,55.43869076756463,181.98038688650195
2.0,38.0,0.0,53.47721298850482,102.42704498564912
2.0,39.0,0.0,56.33539626714428,42.63799588203578
2.0,40.0,0.0,55.68957869377943,122.8979214590499
3.0,1.0,0.0,57.39471256504424,0.0
3.0,2.0,0.0,56.63045691176018,42.47282225406762
3.0,3.0,0.0001690273702148059,53.31864926639632,0.0
3.0,4.0,0.00017856450445659063,54.630909579052364,0.0
3.0,5.0,0.00019090843224734203,56.069495322086034,54.15877658525023
3.0,6.0,0.00020577949131474777,55.625078866967044,12.399081868183458
3.0,7.0,0.00022318425367581836,52.66629296326308,0.0
3.0,8.0,0.0002431762466291017,55.09008123785525,0.0
3.0,9.0,0.00026591226566969434,53.110226348967736,72.07757989566193
3.0,10.0,0.00029145460954960406,55.57971945283187,0.0
3.0,11.0,0.0003198608368254549,56.533578713420596,0.0
3.0,12.0,0.0003509412975637469,55.2824641137954,43.402517610474064
3.0,13.0,0.0003843378055044292,54.201635422032716,135.10927045091813
3.0,14.0,0.0004192784194512193,53.417190916255755,0.0
3.0,15.0,0.0004545123760118742,52.42925435710393,0.0
3.0,16.0,0.0004882528010238792,55.914149346463766,75.218858217162
3.0,17.0,0.0005183021982931019,53.483950677863795,44.177598641918145
3.0,18.0,0.0005421428725385089,51.68877126669785,156.86829979879496
3.0,19.0,0.0005573994026833714,54.379155839604564,104.27852277410256
3.0,20.0,0.0005628941730990509,58.25801175022396,0.0
3.0,21.0,0.0005573209634644067,56.13443601489302,0.0
3.0,22.0,0.0005413205737598126,54.38055490686824,215.07733999373795
3.0,23.0,0.0005172739334312377,53.66466301285264,121.39943777095304
3.0,24.0,0.0004870253414995527,52.158954412827676,0.0
3.0,25.0,0.0004530985993501599,54.91854686582486,0.0
3.0,26.0,0.0004177503455991489,52.044584335211425,204.3674416725399
3.0,27.0,0.00038269708084138153,54.77843822115962,0.0
3.0,28.0,0.00034918495743999973,53.538885913496586,35.85299235640328
3.0,29.0,0.0003179799602235055,54.71460326652559,86.7992307753782
3.0,30.0,0.00028947405732703663,54.47395963439562,177.59574973170766
3.0,31.0,0.0002637598276467005,56.943324777433695,237.32837089106448
3.0,32.0,0.00024084676521722318,55.840017209509284,221.5168322107361
3.0,33.0,0.00022057622370818148,49.85523345044057,157.93645779445512
3.0,34.0,0.0002028262305364701,54.273139811248775,253.3236811786232
3.0,35.0,0.00018741762901281641,53.79302553981448,86.9554120383835
3.0,36.0,0.00017428438337187128,54.31786440782384,45.797212000336486
3.0,37.0,0.0001634163588343092,54.472369350530975,112.31069330459654
3.0,38.0,0.0,54.29924145536869,0.0
3.0,39.0,0.0,57.05554152824613,110.06254546053717
3.0,40.0,0.0,50.055972351802176,0.0
4.0,1.0,0.0,55.37149602970658,49.57875048082152
4.0,2.0,0.0,54.41956543082933,143.33105158058032
4.0,3.0,0.00017180800969336833,54.9421758287572,66.87578722111431
4.0,4.0,0.0001822209676022652,55.20540048872086,0.0
4.0,5.0,0.0001957443211119331,57.346468813992935,0.0
4.0,6.0,0.00021217780809000675,53.34927480559609,0.0
4.0,7.0,0.00023162927526169813,57.413732043520355,42.726930921384366
4.0,8.0,0.00025428187565135706,53.57154867349591,0.0
4.0,9.0,0.00028045377079353827,59.06661284253625,0.0
4.0,10.0,0.00031039913336670304,55.16571999661994,0.0
4.0,11.0,0.00034439168464502176,57.12296085766232,0.0
4.0,12.0,0.0003824552163215774,55.45727527990522,0.0
4.0,13.0,0.000424400610535156,56.674855536302765,115.07020582772681
4.0,14.0,0.0004694948109660253,56.993740137930104,0.0
4.0,15.0,0.0005162790669791774,52.57714871562324,85.96156280685655
4.0,16.0,0.000562377849696708,50.84103751689454,39.50395477621837
4.0,17.0,0.0006045427180850034,56.65279598764251,0.0
4.0,18.0,0.0006387789219676763,55.23861238751493,77.05566588934022
4.0,19.0,0.0006610866061826399,51.66633726125868,77.58387243269553
4.0,20.0,0.0006691574831567757,53.858075525743224,0.0
4.0,21.0,0.0006609970260451077,53.412645955890746,37.35426825185843
4.0,22.0,0.000637754137729135,54.902510092106226,0.0
4.0,23.0,0.000603291204080583,52.63524955382239,13.934221630228617
4.0,24.0,0.0005609159239963952,52.43656893980511,0.0
4.0,25.0,0.0005146287869866098,55.407706492064655,104.79954105931743
4.0,26.0,0.0004677400093999385,57.96972022794117,66.47203929807819
4.0,27.0,0.00042254532986942277,56.680867179595424,213.6410596584002
4.0,28.0,0.0003804970991004847,50.228140592249325,181.42377147801415
4.0,29.0,0.0003423210269544981,53.676047709622175,137.97824668602058
4.0,30.0,0.00030824007133974324,50.914150819735866,72.55422834247084
4.0,31.0,0.0002781299165315507,52.964677435288486,11.944381333870568
4.0,32.0,0.00025178516311242117,56.051278282480816,103.44000432939211
4.0,33.0,0.00022885368808622133,53.109939116744,84.01673871573374
4.0,34.0,0.00020905169247445687,50.9007255128539,22.10577540489526
4.0,35.0,0.0001920694537285356,55.15792846298596,13.132201055926345
4.0,36.0,0.00017773816694436652,52.02893221412345,52.688081810238025
4.0,37.0,0.00016596882724854975,57.47910841777715,101.35264270244024
4.0,38.0,0.0,55.336115620752146,120.24260944785277
4.0,39.0,0.0,55.2178619264625,115.37346268559502
4.0,40.0,0.0,56.82046042465601,46.38892944643321
5.0,1.0,0.0,50.7770978549392,0.0
5.0,2.0,0.00016859441566694378,52.01701624538129,0.0
5.0,3.0,0.0001757655537687993,52.75542298906833,65.50725832916729
5.0,4.0,0.00018718050706328598,53.999168035414094,0.0
5.0,5.0,0.00020204613305340447,54.38957442016231,0.0
5.0,6.0,0.00022026290110726334,55.18487731873287,0.0
5.0,7.0,0.00024207237730435746,54.55505578312811,0.0
5.0,8.0,0.0002678339233102033,53.73338457307235,0.0
5.0,9.0,0.0002980972838245856,56.696306233548995,174.73508233954314
5.0,10.0,0.0003334093922773955,51.85193311215839,2.614356902218681
5.0,11.0,0.0003744049495236082,53.94375802696609,0.0
5.0,12.0,0.0004215141898788192,52.36507401856224,74.4760679856042
5.0,13.0,0.00047495728955325147,55.07044545508278,113.23565582195182
5.0,14.0,0.0005342899246968301,54.12122538926588,21.06302132217121
5.0,15.0,0.0005980157430989778,53.25394192641198,0.0
5.0,16.0,0.0006630989015215466,56.81950711385,0.0
5.0,17.0,0.000724724461675466,53.83525240013565,14.689713246830404
5.0,18.0,0.0007763293800379586,53.24407289080596,21.144464707350146
5.0,19.0,0.0008107823962486074,52.2965708179083,0.0
5.0,20.0,0.0008233423940681226,54.99211546949393,70.74740305462592
5.0,21.0,0.0008106755880055363,53.93129546782195,0.0
5.0,22.0,0.000775012584649404,56.44253518475924,0.0
5.0,23.0,0.000723156134829879,56.44887659969783,33.037912643172035
5.0,24.0,0.000661311071278863,54.159880465518356,107.34969626605042
5.0,25.0,0.0005960439564238623,53.08267690513081,0.0
5.0,26.0,0.0005322340113580902,53.012670438067595,0.0
5.0,27.0,0.0004728229422095841,52.50187266482823,188.16419322294664
5.0,28.0,0.00041929823218372973,53.32059365170574,90.59464165127298
5.0,29.0,0.000372095284858544,52.171664837888976,56.725887765977916
5.0,30.0,0.00033102876634709253,55.97362083147425,5.969562990247034
5.0,31.0,0.00029556292072158304,55.00048789497668,103.8441351323707
5.0,32.0,0.00026513460340167486,54.96374442869119,0.0
5.0,33.0,0.0002390963778906535,54.87758355243287,190.02958691539115
5.0,34.0,0.000216934091968905,55.4292827021216,103.99697414322792
5.0,35.0,0.00019816039545982161,53.96762199750107,0.0
5.0,36.0,0.00018247291391385593,52.8147165151731,52.62977829096395
5.0,37.0,0.00016968204606303549,52.362627117816885,17.293735746121712
5.0,38.0,0.00015991041360924267,52.231914305717495,48.65994715947066
5.0,39.0,0.0,54.06176952396701,24.56280975716086
5.0,40.0,0.0,55.63622415870848,52.70334721633139
6.0,1.0,0.0,54.71661195033746,0.0
6.0,2.0,0.0001722423617594668,54.79654317687464,26.28993447003001
6.0,3.0,0.00018020925866616964,52.53889157232022,0.0
6.0,4.0,0.00019269918964239966,54.699267925894205,0.0
6.0,5.0,0.00020900859229156378,53.498711566812105,0.0
6.0,6.0,0.00022915894390133668,58.299930471900204,135.5942739821737
6.0,7.0,0.00025355911487229786,53.762282885927675,0.0
6.0,8.0,0.00028279762951283644,53.378231069218415,0.0
6.0,9.0,0.00031774094650826077,53.92868954212731,140.46477502571165
6.0,10.0,0.0003593623267412767,58.9767210209546,73.41936905445479
6.0,11.0,0.00040886566102317035,54.942042170762775,0.0
6.0,12.0,0.000467397897991102,54.11683570297358,9.86540661743707
6.0,13.0,0.0005360271736730387,55.38748170409652,69.8370106751428
6.0,14.0,0.0006151506493071224,52.82468890229456,71.64851123669965
6.0,15.0,0.0007037904322475298,57.243916347559704,0.0
6.0,16.0,0.0007985110693906266,54.117317562174925,47.84298801647298
6.0,17.0,0.0008923801213922144,56.95161745869129,0.0
6.0,18.0,0.0009743595282251747,54.73886636909234,0.0
6.0,19.0,0.0010309734411078706,52.15631225662903,39.2797770630978
6.0,20.0,0.0010518781581106576,53.13194988789729,8.171349108226064
6.0,21.0,0.0010308405949484446,56.25955090084518,0.0
6.0,22.0,0.0009726164538753498,57.07181180151056,8.202816930795002
6.0,23.0,0.0008903630171712799,56.574244507387874,0.0
6.0,24.0,0.0007962776467807455,52.54509102854764,106.17240376354468
6.0,25.0,0.0007013948582485233,53.216311800516586,0.0
6.0,26.0,0.0006127116704272611,54.349969493271715,0.0
6.0,27.0,0.0005335490325623,53.196231727131675,0.0
6.0,28.0,0.000464873124070423,56.523132461806355,20.247113832267374
6.0,29.0,0.00040627663440765023,56.74845849202955,0.0
6.0,30.0,0.00035672842908061837,58.174118680109274,57.67825289149897
6.0,31.0,0.0003149705099085306,51.094937844010104,0.0
6.0,32.0,0.0002798754451109033,51.89935802252457,115.9947243950605
6.0,33.0,0.0002503667086971442,55.75707857618752,0.0
6.0,34.0,0.00022561586547820787,56.726741494503074,115.2191736945767
6.0,35.0,0.00020490489509426084,52.94495759385572,41.21870343136678
6.0,36.0,0.0001877650960258639,54.94864773529236,0.0
6.0,37.0,0.00017388536343470977,53.44214588965858,133.91546224837862
6.0,38.0,0.0001632995427055371,48.73421344313926,0.0
6.0,39.0,0.0,53.8598155861888,0.0
6.0,40.0,0.0,55.28414357585617,0.0
7.0,1.0,0.00017495589716783438,53.24306379065557,86.52867511659613
7.0,2.0,0.00017595482747275303,54.866752311847456,0.0
7.0,3.0,0.0001847278899655235,57.707607211516006,0.0
7.0,4.0,0.0001983127356692622,55.20948944991144,0.0
7.0,5.0,0.00021610292686557585,55.451683093581345,87.84858552125263
7.0,6.0,0.00023825813380241772,56.80953862084217,81.5366810786255
7.0,7.0,0.000265385598424906,53.53849379944906,0.0
7.0,8.0,0.0002983567453097312,55.10514202040227,0.0
7.0,9.0,0.0003384481971507077,54.0844576831147,66.48229071091653
7.0,10.0,0.00038722001906970124,55.82927449542178,66.50136019823326
7.0,11.0,0.00044671957026295355,55.374517924579294,173.31196306355093
7.0,12.0,0.0005192673870330497,54.89546376736333,106.62981156362304
7.0,13.0,0.0006075141793843856,54.10927658050445,59.02686658136732
7.0,14.0,0.0007137947691652377,55.75847787068123,51.77453495715252
7.0,15.0,0.0008390715868374704,54.03319828452977,0.0
7.0,16.0,0.0009808386245825009,52.23487568563114,0.0
7.0,17.0,0.0011301281120638636,54.22940060952285,0.0
7.0,18.0,0.0012683977466789397,53.574268204275825,86.79401404455002
7.0,19.0,0.0013688306555710416,56.65032937924548,68.03525741375626
7.0,20.0,0.001406675620521061,55.596578936380375,109.7388193420636
7.0,21.0,0.0013686573605069783,54.98536867898587,0.0
7.0,22.0,0.0012661683564032136,56.0590885264882,15.616400938739428
7.0,23.0,0.0011274646637146133,54.59661264529384,0.0
7.0,24.0,0.0009779954815937282,53.95445457216944,0.0
7.0,25.0,0.000836124729152296,53.44910932347232,1.1092911286737248
7.0,26.0,0.000710880094403968,53.613121386592255,119.53581083916913
7.0,27.0,0.0006046261574105541,52.934295835684175,59.465921540472145
7.0,28.0,0.0005163870524767279,56.54565484306734,34.99569156059292
7.0,29.0,0.00044381827951542693,53.741440034492875,45.85032563335405
7.0,30.0,0.00038431021853504093,51.169319829496715,2.804867187591988
7.0,31.0,0.0003354262585571935,54.816689576300746,165.24825900154957
7.0,32.0,0.00029520203862589507,52.1575543125031,0.0
7.0,33.0,0.00026197177636952005,53.700327107716674,116.05370196709877
7.0,34.0,0.00023450020550476607,53.22206753834375,102.12350010519305
7.0,35.0,0.0002117850078243714,52.039750705639776,152.81662966832135
7.0,36.0,0.00019316049284902505,54.83447904999898,0.0
7.0,37.0,0.0001781763655859217,56.45538654599654,116.99135370070586
7.0,38.0,0.0001667682339966532,52.20370175626799,110.17632288181456
7.0,39.0,0.00015955601483675334,56.1357846739449,132.95278299891487
7.0,40.0,0.0,55.427252463873266,200.30156363167086
8.0,1.0,0.00017785962982599642,55.92093992299908,0.0
8.0,2.0,0.00017941811962474027,52.7549281714909,0.0
8.0,3.0,0.00018896498145700891,54.73259528589724,0.0
8.0,4.0,0.0002036064840624745,57.89427862487369,38.81866259722554
8.0,5.0,0.000222837824194089,54.30343528476782,0.0
8.0,6.0,0.0002469680655926579,56.168447968814476,0.0
8.0,7.0,0.0002768258461636681,53.39073062080037,0.0
8.0,8.0,0.0003136106638860893,54.52575621665237,24.793872042982336
8.0,9.0,0.0003590966108190476,55.803726432023815,115.07173676079121
8.0,10.0,0.00041559766619389706,55.98517622759976,0.0
8.0,11.0,0.00048632263609058767,56.27412774202876,0.0
8.0,12.0,0.0005753634354032417,51.85473384062309,28.350799273920863
8.0,13.0,0.0006880552364452287,55.811437604037664,0.0
8.0,14.0,0.0008306153495596267,56.68537083346492,0.0
8.0,15.0,0.0010090948496913005,55.264910167556835,107.73009218102808
8.0,16.0,0.0012261501928245455,53.83128127426748,0.0
8.0,17.0,0.0014741588525497295,55.95428973503623,0.0
8.0,18.0,0.001724087398445085,50.32752565628799,2.7467154198975017
8.0,19.0,0.0019196896146291787,55.279136672221924,0.0
8.0,20.0,0.001996228110220191,56.107354038400004,52.771432314257986
8.0,21.0,0.0019194501059809528,55.71608184477516,177.0015752625165
8.0,22.0,0.0017211010338054706,54.154474594055586,144.96013092609826
8.0,23.0,0.0014705451339678665,57.752404074816155,93.41398001920498
8.0,24.0,0.0012224731947973369,54.436561260225716,0.0
8.0,25.0,0.0010054431581161271,50.89564853291167,68.78085151372524
8.0,26.0,0.0008271269259764758,51.63519410074403,49.49640064076597
8.0,27.0,0.0006846964367991518,53.76469782807483,0.0
8.0,28.0,0.0005720908707522127,55.71232496921664,0.0
8.0,29.0,0.0004830881674612123,53.47542845769786,0.0
8.0,30.0,0.0004124015954048184,52.5187543184882,0.0
8.0,31.0,0.0003558199196865556,52.290640480778016,30.81591606919203
8.0,32.0,0.00031022547443539035,57.155100642880925,0.0
8.0,33.0,0.00027319691853994367,52.87955210911503,0.0
8.0,34.0,0.000243005493917428,57.022466001574934,0.0
8.0,35.0,0.00021831976998390963,55.05303877623893,85.13642162253325
8.0,36.0,0.00019825429198762375,52.99065286824562,193.19136234890885
8.0,37.0,0.0001822083503871189,55.13571563574355,243.7410139076787
8.0,38.0,0.0001700143386174808,55.060067848998855,179.94798288544837
8.0,39.0,0.00016222000971252427,54.251519562454334,6.109822064773072
8.0,40.0,0.0,54.324241068128885,14.11466440055057
9.0,1.0,0.00018037034983276018,52.43828741625302,55.97841853782882
9.0,2.0,0.0001824322582309461,55.461184411810315,0.0
9.0,3.0,0.0001926774121737785,54.389164420126825,0.0
9.0,4.0,0.00020827816801578957,56.39080893954598,33.607214948298015
9.0,5.0,0.00022882986517654916,58.9441832916616,9.175808520985683
9.0,6.0,0.00025479226842643553,55.17026675937876,0.0
9.0,7.0,0.0002872236051495195,52.0980004889727,48.453187064587695
9.0,8.0,0.00032767565737238107,55.27634496008176,0.0
9.0,9.0,0.0003784790176807493,54.33620738158959,0.0
9.0,10.0,0.00044283673475961594,52.97835201787982,71.08229922983695
9.0,11.0,0.0005254179124499226,58.950771936590925,196.68756247721805
9.0,12.0,0.0006327375122883305,53.26275384582652,76.78934451409074
9.0,13.0,0.000774219174190439,56.46379156846297,0.0
9.0,14.0,0.0009629302495983798,54.38387458550517,0.0
9.0,15.0,0.001216010104041088,53.01419030004994,0.0
9.0,16.0,0.0015522126462632843,53.199483712940705,0.0
9.0,17.0,0.0019806799948462197,51.14992687269713,0.0
9.0,18.0,0.002469853762874144,54.64685985100032,0.0
9.0,19.0,0.0029007376479461703,55.29704489637345,0.0
9.0,20.0,0.0030816538404970003,57.29522154567829,0.0
9.0,21.0,0.0029003800851736474,50.85624337212646,102.16465143410304
9.0,22.0,0.0024656270007542445,55.946897291587575,0.0
9.0,23.0,0.001975883010299315,53.94401999565442,68.85509030095466
9.0,24.0,0.0015474062459736085,55.22395898217442,0.0
9.0,25.0,0.0012114830409859785,51.578489517975754,0.0
9.0,26.0,0.0009587771974170116,52.9200208029553,125.57222071034191
9.0,27.0,0.000770344199678704,53.340758368766174,124.43923164873136
9.0,28.0,0.0006290530790297316,53.80490502407241,45.95302243750211
9.0,29.0,0.0005218453709594481,54.43725187050504,21.038681721293166
9.0,30.0,0.00043935808196243504,53.52416180259489,0.0
9.0,31.0,0.00037495665132930973,52.50138481891646,0.0
9.0,32.0,0.0003240726588891416,54.57540417435971,0.0
9.0,33.0,0.00028339516313287004,53.88366246708409,0.0
9.0,34.0,0.0002506432403427411,53.704280148988026,0.0
9.0,35.0,0.00022413261786889758,55.516630596928046,66.37197413828716
9.0,36.0,0.00020274999083657485,56.003076136401006,0.0
9.0,37.0,0.00018574315311572056,55.48216404382992,125.96978278438245
9.0,38.0,0.00017284297268530126,55.19381952225651,88.1756898427512
9.0,39.0,0.00016452776604382408,52.19750239420035,307.52138377765556
9.0,40.0,0.0,56.86267929567573,22.57370945439411
10.0,1.0,0.00018229432071157665,50.95977323470024,0.0
10.0,2.0,0.00018478074040446149,52.77811881800672,0.0
10.0,3.0,0.00019560712050309,56.21085673762374,13.353032469284038
10.0,4.0,0.00021200846467688025,54.21026812612337,0.0
10.0,5.0,0.00023367153988672164,57.05365093811015,60.76075171172082
10.0,6.0,0.0002611950569973181,52.65388000750808,109.51231488368335
10.0,7.0,0.00029585349771617627,53.4551705609926,0.0
10.0,8.0,0.0003395405769557983,53.32444939554571,0.0
10.0,9.0,0.00039514662486242664,55.90266734688863,0.0
10.0,10.0,0.00046681144868040243,55.69541964268586,211.9643020599429
10.0,11.0,0.0005608330309544678,53.33805951042313,21.838246395197483
10.0,12.0,0.0006866404632595035,54.25059023831833,0.0
10.0,13.0,0.0008590772350471619,56.383176578775775,104.24106427409113
10.0,14.0,0.0011015833104019114,53.32891886571872,0.0
10.0,15.0,0.0014515319628033451,56.19367388657034,0.0
10.0,16.0,0.0019665366412985425,55.587416999628246,0.0
10.0,17.0,0.002722586554560275,55.26711853128073,24.61733399195258
10.0,18.0,0.003760699242923591,54.70434329436896,0.0
10.0,19.0,0.00488062831898016,52.511586562045515,221.697934052218
10.0,20.0,0.005422258753681747,54.08961926791425,99.7875691374254
10.0,21.0,0.004880032878313573,53.71633338853777,0.0
10.0,22.0,0.003754329476138584,57.380215103135626,0.0
10.0,23.0,0.002716060564333705,57.32067073285522,0.0
10.0,24.0,0.0019602623192833983,53.42882667894188,0.0
10.0,25.0,0.001445982824484222,53.63008345391875,107.5428170624116
10.0,26.0,0.0010967130385625275,55.86653781603552,107.4789558192413
10.0,27.0,0.0008546767063463103,51.623158502632634,55.03137828102064
10.0,28.0,0.0006825545155169236,51.02014149317267,0.0
10.0,29.0,0.0005569417090882639,50.75058160990801,0.0
10.0,30.0,0.00046307314482478985,54.44091569975005,7.584543276134353
10.0,31.0,0.00039140344543202977,53.16810533409392,75.96260875833727
10.0,32.0,0.0003357454982491206,53.807457584983595,3.062611498158873
10.0,33.0,0.0002918522936754895,55.74058202451067,0.0
10.0,34.0,0.00025688742728526524,53.3157779070385,0.0
10.0,35.0,0.00022882472942072738,55.632848742199734,26.19240253872819
10.0,36.0,0.00020633637861695422,56.08892256702704,0.0
10.0,37.0,0.00018853101724621905,54.3451856986358,0.0
10.0,38.0,0.00017504781354330575,58.610083859430006,0.0
10.0,39.0,0.00016630266636401538,57.3260409671441,37.20391662476024
10.0,40.0,0.0,54.83873795071274,19.532096832119844
11.0,1.0,0.00018353276431399347,52.6888350877899,16.72753106954328
11.0,2.0,0.00018633991266715148,51.483443650392125,33.52959222536389
11.0,3.0,0.00019759321319251638,51.81015006940506,0.0
11.0,4.0,0.00021458251120189828,52.47730558131434,85.66912526006311
11.0,5.0,0.00023706863616123667,51.720621178432374,40.17008598850724
11.0,6.0,0.0002657626796650606,53.268577640368086,134.56830856785137
11.0,7.0,0.0003021167035882403,52.56354008878156,202.78512092230562
11.0,8.0,0.00034831215828109676,54.78863135824347,0.0
11.0,9.0,0.00040772430006113977,53.98613545589285,72.222688888846
11.0,10.0,0.0004853362767875202,52.92976530338124,97.47100462011231
11.0,11.0,0.0005889836829430691,55.40780366662728,0.0
11.0,12.0,0.0007310254890441976,57.41544352246918,26.17648647345005
11.0,13.0,0.0009322253634881275,53.118262102667025,50.49192964602847
11.0,14.0,0.0012287337759944055,59.65515544349304,119.63423545003634
11.0,15.0,0.0016871370951965167,53.824534522634686,0.0
11.0,16.0,0.0024367617217468506,54.50851031801457,0.0
11.0,17.0,0.0037370071129073407,55.034585844653144,0.0
11.0,18.0,0.0060582066316926106,53.977857520277816,0.0
11.0,19.0,0.009676854618279166,58.00650895605771,0.0
11.0,20.0,0.012094605301134403,54.37082896380336,0.0
11.0,21.0,0.009675684240907522,57.95005209473552,0.0
11.0,22.0,0.006048034136424478,55.83003702862493,0.0
11.0,23.0,0.0037281271579646855,55.31651360240468,0.0
11.0,24.0,0.0024290546233897716,55.51231099034786,0.0
11.0,25.0,0.0016805253253426554,53.14512150194736,0.0
11.0,26.0,0.0012231743940174745,53.441899546799426,0.0
11.0,27.0,0.0009273462460335134,54.03589339301842,0.0
11.0,28.0,0.000726587415659864,53.13836351870702,0.0
11.0,29.0,0.000584820391235358,53.8060395456098,149.89210516218964
11.0,30.0,0.0004813808947130854,51.91499663001452,175.53226063558984
11.0,31.0,0.0004037997822872168,55.16984697274452,222.25884396592178
11.0,32.0,0.00034436173991650324,55.525773835107465,0.0
11.0,33.0,0.00029797803136186304,55.40817309482942,0.0
11.0,34.0,0.00026133094860382786,56.43113360405439,2.395486122161021
11.0,35.0,0.00023210714381228,55.91275854173729,0.0
11.0,36.0,0.00020880276031124307,53.67684727230307,0.0
11.0,37.0,0.00019041451505970484,53.91101382181082,0.0
11.0,38.0,0.0001765085715408759,54.77445132115949,14.96129674947764
11.0,39.0,0.00016745066124609784,55.00443353433516,44.10551557656518
11.0,40.0,0.0,54.7400704905784,0.2723545549870181
12.0,1.0,0.00018395850143384295,54.82954992667402,95.37198662072407
12.0,2.0,0.00018696713759576604,54.649156586690815,0.0
12.0,3.0,0.00019846335448432572,55.492222107369,19.15336495078632
12.0,4.0,0.00021578212594018946,55.782774658354434,191.94627868354388
12.0,5.0,0.0002387337004623401,53.44336958322401,134.25428132185505
12.0,6.0,0.00026810133235022603,56.3103235943322,275.61024848067206
12.0,7.0,0.0003054514041370879,53.42753253670183,141.01746160622503
12.0,8.0,0.0003531541086268174,52.395446681448455,0.0
12.0,9.0,0.00041490984412349537,54.82418017369842,115.57763809095212
12.0,10.0,0.0004962846912667697,53.20719765669472,0.0
12.0,11.0,0.000606216259207383,51.7802117156583,0.0
12.0,12.0,0.0007592671173669504,50.315389965543474,0.0
12.0,13.0,0.0009809439470655867,49.93856310182306,0.0
12.0,14.0,0.0013185231283705558,53.31368770427249,171.09769169266926
12.0,15.0,0.0018676870562686436,58.23718260201496,0.0
12.0,16.0,0.002845007911141258,54.06023483110062,0.0
12.0,17.0,0.004821332112359487,54.26609270432476,38.07782847540388
12.0,18.0,0.00961992417207067,56.10608689821742,95.81587491184635
12.0,19.0,0.024009732234300526,58.962597820085364,6.483271873653532
12.0,20.0,0.04801370048813957,53.32869907838597,0.0
12.0,21.0,0.024006850244069778,53.12062145335985,0.0
12.0,22.0,0.009603892893720212,55.58266280872799,3.168634277327534
12.0,23.0,0.004809962086035334,53.452202740119624,0.0
12.0,24.0,0.00283607771315264,56.30215389281893,0.0
12.0,25.0,0.0018601974803615915,56.61304589287806,25.158587335171028
12.0,26.0,0.0013124287422428306,53.632496005266844,164.14380775947552
12.0,27.0,0.0009757071149942111,52.93294504684038,57.585211619520344
12.0,28.0,0.0007545722669735284,56.923727959590785,25.736532960040492
12.0,29.0,0.0006018580808396554,55.95084736086138,32.77151551989087
12.0,30.0,0.0004921755767822319,55.42356999734708,0.0
12.0,31.0,0.00041085863785199784,55.152332150437076,72.04367341788988
12.0,32.0,0.00034909655850390645,56.11911338315272,0.0
12.0,33.0,0.00030121968088757937,56.38373016341027,71.24431041838503
12.0,34.0,0.00026358750610814695,56.458301315872454,11.765879753323922
12.0,35.0,0.000233698948995551,54.55264949689206,45.407869695326646
12.0,36.0,0.0002099370284221356,55.518979748863316,14.200034235469344
12.0,37.0,0.00019122760816078858,55.54285279826472,87.35861888483785
12.0,38.0,0.0001770903778475522,55.90362924974814,185.32500693571265
12.0,39.0,0.0001678572367917789,54.80108900893754,0.0
12.0,40.0,0.0,53.96638635590495,167.88177534009748
13.0,1.0,0.0001835392471661424,49.59979081708773,0.0
13.0,2.0,0.00018661690089114032,52.53999720853045,0.0
13.0,3.0,0.0001981534014538406,56.73634498938431,85.85180135914614
13.0,4.0,0.00021551593503738394,55.86578561138379,0.0
13.0,5.0,0.00023853410542007747,49.13708792676934,30.31627472374135
13.0,6.0,0.00026801358683651937,54.80016019800778,24.842414637110828
13.0,7.0,0.0003055544689211407,54.399519453077616,178.00831450786745
13.0,8.0,0.00035358394095102037,54.3934065952678,0.0
13.0,9.0,0.0004159028621684176,52.97807807887883,0.7195703683789603
13.0,10.0,0.0004982647963273542,54.667649390556825,54.104342899593895
13.0,11.0,0.0006099746205539598,50.35046122995683,0.0
13.0,12.0,0.00076636245864499,55.73216052929196,0.0
13.0,13.0,0.0009946684445316537,53.89448210351434,55.00799786624024
13.0,14.0,0.0013464930009161192,50.35867476832504,0.0
13.0,15.0,0.0019298084887275806,56.16544100031656,0.0
13.0,16.0,0.003003312101745338,59.71748361759702,87.3125985365636
13.0,17.0,0.005322570051260018,52.27323921791888,0.0
13.0,18.0,0.011947721704603103,49.82599765358057,0.0
13.0,19.0,0.047711755267561086,53.45174605378687,41.34986534703993
13.0,20.0,0.0,55.869455799468604,0.0
13.0,21.0,0.04770606491732581,53.154581804448455,0.0
13.0,22.0,0.011927938816890273,53.528534817479795,0.0
13.0,23.0,0.005310098535379156,55.695015254719905,0.0
13.0,24.0,0.00299394565383376,50.50161621374699,154.38484489532607
13.0,25.0,0.001922119745117017,54.73121371479168,0.0
13.0,26.0,0.0013401447838385973,52.84544241535024,69.28358656666941
13.0,27.0,0.0009892601639383736,55.966422892274,0.0
13.0,28.0,0.0007615430278445476,53.359730341477075,113.74662712513408
13.0,29.0,0.0006055209549787574,51.42960698838356,107.6425421772785
13.0,30.0,0.0004940794426487074,52.30063498177981,90.30915533524285
13.0,31.0,0.0004117890878738464,54.184986903764596,0.0
13.0,32.0,0.00034947393279429536,54.70516967768835,0.0
13.0,33.0,0.0003012786242422895,54.72636419129224,85.57560130360199
13.0,34.0,0.0002634627818758815,51.95983534998409,137.99438490336001
13.0,35.0,0.0002334696134220347,55.9952350283122,55.56686400961078
13.0,36.0,0.00020964911609186495,53.64408226851575,0.0
13.0,37.0,0.00019090684902965498,52.78832723576686,20.529343680897632
13.0,38.0,0.00017674794142024668,51.940258158868346,0.24606673946379587
13.0,39.0,0.00016748996091060794,53.854791115211164,0.0
13.0,40.0,0.00016564417056744358,54.1092737117267,106.50259251062239
14.0,1.0,0.00018224749124249486,49.352985070492394,86.88724221184431
14.0,2.0,0.0001852587343846194,51.05558899343491,0.0
14.0,3.0,0.00019662712084608908,54.09956243456968,45.34480494991443
14.0,4.0,0.00021373888281332677,53.07614373025733,131.34365872955217
14.0,5.0,0.00023641147110479215,56.69484420321527,0.0
14.0,6.0,0.0002654203309193169,56.21012732745223,157.4660728843912
14.0,7.0,0.000302313078705277,52.332335839702964,46.49727909112441
14.0,8.0,0.00034943128498715354,55.54025473821481,0.0
14.0,9.0,0.0004104292867140636,55.179624339974794,0.0
14.0,10.0,0.0004908044452285743,56.27522368108412,9.112820798484721
14.0,11.0,0.0005993823297533684,55.20402261679947,96.34267934329655
14.0,12.0,0.0007505439346109319,52.30642149926423,0.0
14.0,13.0,0.0009694749606596059,56.30419627414228,0.0
14.0,14.0,0.0013028562096303853,54.11041271102182,0.0
14.0,15.0,0.0018453714901948673,57.34263907446528,12.920894417677843
14.0,16.0,0.002811149776382841,55.63708420911297,51.166758782767076
14.0,17.0,0.004764131922330577,55.98401187389458,0.0
14.0,18.0,0.009506059545096233,55.74289558618479,0.0
14.0,19.0,0.023726013037763307,56.30466631559619,0.0
14.0,20.0,0.047446397506297484,53.91784381787432,0.0
14.0,21.0,0.023723198753148735,55.4896344850514,122.14558185278878
14.0,22.0,0.009490405215105326,56.41410903641437,0.0
14.0,23.0,0.004753029772548117,53.858612307907045,0.0
14.0,24.0,0.0028024305425473984,56.35184708496596,83.24759870054567
14.0,25.0,0.0018380594691733963,54.20591493013331,202.9665989853058
14.0,26.0,0.0012967475336504472,52.924279517620974,163.0555218964244
14.0,27.0,0.0009641135951264854,54.323774061025404,0.0
14.0,28.0,0.0007457499697381587,54.675781736530986,0.0
14.0,29.0,0.0005949433628013483,53.53166482685659,0.0
14.0,30.0,0.0004866272380175863,53.00769015845118,0.0
14.0,31.0,0.000406321712853164,54.82820416689161,0.0
14.0,32.0,0.00034532671020079836,53.85816872132724,146.8005911835919
14.0,33.0,0.00029804433131257196,57.35292920139413,229.15990421447862
14.0,34.0,0.0002608793064969397,52.54906627330595,90.21888786616489
14.0,35.0,0.00023136196987214784,54.53388352841767,94.07319095997313
14.0,36.0,0.00020789491233339695,52.45522176701832,199.17403310147253
14.0,37.0,0.0001894168720104309,54.83216255217068,0.0
14.0,38.0,0.00017545189244727957,55.23775317153158,118.29621672275417
14.0,39.0,0.0001663234493784567,53.09017494318714,72.11657534044096
14.0,40.0,0.0,55.82909477876955,179.38613585082416
15.0,1.0,0.0001800900641687139,52.080613624491505,33.339444661125825
15.0,2.0,0.00018290491968946275,54.06988157762284,169.03704597470983
15.0,3.0,0.00019390459727469035,52.56751060994666,0.0
15.0,4.0,0.00021048300422997238,53.53921077484742,98.88291126915708
15.0,5.0,0.00023241659884632763,56.592143290812494,175.74282125596338
15.0,6.0,0.00026040245993158594,54.08430005831735,276.257385369704
15.0,7.0,0.0002958576115438479,52.58718103953331,0.0
15.0,8.0,0.0003409104221930071,54.788836794989074,0.0
15.0,9.0,0.00039885131412547697,54.90138531604038,0.0
15.0,10.0,0.0004745392955318629,53.2892011784171,10.030853535342102
15.0,11.0,0.0005756114795376353,52.07579019984991,189.85754367131497
15.0,12.0,0.0007141156391615404,52.53848398427401,0.0
15.0,13.0,0.0009102870229847079,51.21097245225775,80.65698827205057
15.0,14.0,0.0011994914686266637,51.89871281521874,30.116873249355045
15.0,15.0,0.0016467499076915138,52.95921130764517,0.0
15.0,16.0,0.0023783700793652616,52.68494200352897,25.511726094555428
15.0,17.0,0.0036477344097353426,52.273855245168605,139.15708145445018
15.0,18.0,0.005913818901680704,56.57571797969996,0.0
15.0,19.0,0.009446600209124693,53.02163214738179,3.595064441064764
15.0,20.0,0.01180685607829214,51.57055304496743,0.0
15.0,21.0,0.009445484862633712,52.987345018833466,138.15040748035352
15.0,22.0,0.0059041251307029325,52.24146633234697,1.9916433751321918
15.0,23.0,0.003639273170265049,53.80105633432832,98.30619136147385
15.0,24.0,0.0023710273663279722,52.275713057276185,146.90415428820262
15.0,25.0,0.001640255227148456,50.99055423118005,0.0
15.0,26.0,0.0011938936830763476,54.121636516479526,0.0
15.0,27.0,0.0009052765800955954,56.61585279042661,159.39556386528093
15.0,28.0,0.0007094884149733751,54.00846158245413,175.72805565527185
15.0,29.0,0.0005712925113292323,52.0196882640669,181.94043883835639
15.0,30.0,0.00047045169000672107,56.386075798898695,5.691732856863892
15.0,31.0,0.0003948166938825099,51.852220732408504,0.0
15.0,32.0,0.0003368676639573285,53.759562648219244,131.4615573648172
15.0,33.0,0.0002916459103154048,55.15758640508473,195.25473063131477
15.0,34.0,0.0002559168339854285,53.47439994239801,52.663032596077976
15.0,35.0,0.0002274257291978917,53.31084314672352,0.0
15.0,36.0,0.00020470538898388093,51.48488251338834,59.784353220919456
15.0,37.0,0.00018677672730304715,54.70301639725061,98.67019964918242
15.0,38.0,0.00017321355793135446,55.44094688860428,14.421967498374935
15.0,39.0,0.0001643638730360104,56.9176190969428,277.7870245343926
15.0,40.0,0.0,55.271797163960066,123.71529003132395
16.0,1.0,0.00017710575790365988,51.57783330429633,0.0
16.0,2.0,0.00017960748634807266,53.90375861386549,0.0
16.0,3.0,0.00019005813731130862,52.4996481617915,0.0
16.0,4.0,0.0002058515147946439,52.91424377068613,261.76886747922345
16.0,5.0,0.0002267004791526655,53.3837365867107,0.0
16.0,6.0,0.0002531864366360522,55.741357180167185,0.0
16.0,7.0,0.00028653712628252834,52.915021573308096,137.85123435827612
16.0,8.0,0.00032857619546278666,55.28366606486395,111.34636594493011
16.0,9.0,0.00038208311292634695,54.581598922773125,0.0
16.0,10.0,0.00045104051405929854,56.52889543513959,72.23274702798435
16.0,11.0,0.0005415026048326333,51.64225351107013,29.7693411442182
16.0,12.0,0.0006625360888959095,54.45141204793856,34.10034876271034
16.0,13.0,0.0008284998901366451,55.3625698465052,68.01696256102846
16.0,14.0,0.0010619899155224067,54.80861915922943,0.0
16.0,15.0,0.0013990412231560357,51.65605080486225,0.0
16.0,16.0,0.0018952214265323454,55.259196307499714,200.02943390817978
16.0,17.0,0.002624157288158924,54.38696563864214,96.50196586319053
16.0,18.0,0.003625053381915513,52.67979291488172,19.338978500683417
16.0,19.0,0.004704874814623283,53.679379598439716,103.54000109959856
16.0,20.0,0.005227023870590653,51.85277880431131,78.56755966315288
16.0,21.0,0.004704321483531589,51.257842222168165,0.0
16.0,22.0,0.003619134472787141,52.53335551023541,78.91928592501529
16.0,23.0,0.0026180941091612036,55.10986148440412,98.25557295152859
16.0,24.0,0.0018893932474744258,52.93553995734042,120.41375664882555
16.0,25.0,0.0013935451665679,55.57899928856793,13.934994349768532
16.0,26.0,0.001057053368606783,56.429750064652566,57.662453321633535
16.0,27.0,0.0008239576930777292,54.45239688200631,271.0453110080798
16.0,28.0,0.00065826018668391,53.418166555903206,85.66317408513083
16.0,29.0,0.000537390383215571,50.600436936161266,115.24803320318466
16.0,30.0,0.0004471122425223578,52.540998284494776,0.0
16.0,31.0,0.00037818012332664267,55.20854451864761,0.0
16.0,32.0,0.0003246457822250007,54.35414380892946,12.805836192577441
16.0,33.0,0.00028242785340340645,55.497647383985075,0.0
16.0,34.0,0.00024879809013800014,52.94374309891472,0.0
16.0,35.0,0.00022180863038628507,53.21366381185464,0.0
16.0,36.0,0.00020018080045933485,56.61795697089166,0.0
16.0,37.0,0.0001830558772502706,55.314823860595425,0.0
16.0,38.0,0.00017008205681312308,55.64513042041851,0.0
16.0,39.0,0.00016164673771326544,57.385500258036984,32.66030804141486
16.0,40.0,0.0,50.997084966830926,10.076527827120618
17.0,1.0,0.00017338862682281825,53.255558978575216,188.13957229959234
17.0,2.0,0.0001754778748967608,51.1933741251157,146.75583551933136
17.0,3.0,0.0001852293102096659,52.91177415395379,19.697669996716023
17.0,4.0,0.00020003251701342027,52.50458120686538,24.610997502946653
17.0,5.0,0.0002195223473124856,56.875958568148995,100.33230721835056
17.0,6.0,0.00024414173132428517,56.78716488110276,14.789811712537869
17.0,7.0,0.0002748960272587776,56.53207236404396,0.0
17.0,8.0,0.0003132587561668177,56.893051613834494,0.0
17.0,9.0,0.0003614379552639086,55.165068864260306,0.0
17.0,10.0,0.0004224703274317667,54.54004320377294,125.69652489340801
17.0,11.0,0.0005008360048226336,51.5995718648895,6.529944785419374
17.0,12.0,0.0006026665140449359,56.41634239396203,55.37606075246865
17.0,13.0,0.0007369712378667719,54.36181018290687,0.0
17.0,14.0,0.0009161792158328031,53.19323529580285,0.0
17.0,15.0,0.0011565987152819378,53.41399085959493,86.85198043189865
17.0,16.0,0.0014760884745893942,53.68907799368056,68.36462162175062
17.0,17.0,0.001883600804118542,53.68563906588218,247.12877383874493
17.0,18.0,0.002349077513295845,53.99950865848406,0.0
17.0,19.0,0.0027591220032286883,57.533852531096024,0.0
17.0,20.0,0.0029312234053032386,53.447562398371204,65.41278718163612
17.0,21.0,0.0027587984991089306,52.9213337825461,35.881252225952245
17.0,22.0,0.0023452537027443847,56.713040361869126,81.71893933233332
17.0,23.0,0.0018792620106366758,51.81434072275805,13.159223860246112
17.0,24.0,0.0014715631282176105,54.086517583420544,122.9989450247355
17.0,25.0,0.001152069053338064,53.41947502986249,50.49126450387219
17.0,26.0,0.0009119336024338356,53.6362149733707,98.03322074893818
17.0,27.0,0.0007329433726662428,54.45140453083689,93.76402870175725
17.0,28.0,0.0005987891307667521,52.177004323863095,25.397581316966917
17.0,29.0,0.0004970445476659268,52.541956901161306,14.669015706818753
17.0,30.0,0.0004188025212740986,54.30022837627048,40.746746173727374
17.0,31.0,0.0003577121020590141,51.950948105200176,0.0
17.0,32.0,0.0003094812491947218,54.82078313756999,0.0
17.0,33.0,0.0002709264918199504,52.84281716433609,1.704861134495502
17.0,34.0,0.00023988568416449937,55.339720156570834,0.0
17.0,35.0,0.00021476368066700597,56.555887254988725,17.54297356076594
17.0,36.0,0.0001945032562584891,53.75204758255692,0.0
17.0,37.0,0.0001783896545168863,56.53733355644269,0.0
17.0,38.0,0.00016616158709984737,53.56655290324098,54.49758128339092
17.0,39.0,0.0001582559083949567,53.848621789432606,158.84018634267008
17.0,40.0,0.0,57.281300250843834,221.2580314557021
18.0,1.0,0.00016902398781892635,53.888711869387684,25.150573549662106
18.0,2.0,0.00017062503332254236,52.35782716138828,0.0
18.0,3.0,0.00017956324440765898,52.63850418679542,212.94376490742667
18.0,4.0,0.0001932249408087277,57.86877910644791,214.74736014647422
18.0,5.0,0.0002111615913703247,52.748597985664006,16.125705010225026
18.0,6.0,0.0002336699321082998,56.34152360859175,0.0
18.0,7.0,0.0002615253085935959,51.36251480895481,0.0
18.0,8.0,0.00029584931689294374,50.98806178117071,82.88392639019801
18.0,9.0,0.00033833613190056773,54.43092988533858,83.96333352438364
18.0,10.0,0.0003911127212640536,55.67842383568885,146.51473169526992
18.0,11.0,0.0004572231420145368,54.82862175768372,0.0
18.0,12.0,0.0005404451782062175,51.22260937734516,0.0
18.0,13.0,0.0006458227948434109,52.67925339895759,0.0
18.0,14.0,0.0007791852086144454,53.839939610443594,96.22886263911931
18.0,15.0,0.0009462110242689128,58.30367771645708,65.30066494541201
18.0,16.0,0.0011494071698756505,55.0606381665998,0.0
18.0,17.0,0.0013818103019387316,57.40638429321753,0.0
18.0,18.0,0.0016163303100574465,54.843328466704556,0.0
18.0,19.0,0.0017999020615994388,51.94409731374927,58.777201932941935
18.0,20.0,0.0018716791695156851,56.04297061769876,60.06273515138226
18.0,21.0,0.0017996915091496972,52.61495198770324,48.22423170330528
18.0,22.0,0.001613705296606393,55.803805601214734,88.50263070371852
18.0,23.0,0.0013786346762254687,53.41579826764955,0.0
18.0,24.0,0.001145891469900412,52.521021949491406,19.83432509364832
18.0,25.0,0.0009425138792980332,54.00726450175065,52.423060869103175
18.0,26.0,0.0007755828067777974,55.84307890254112,0.0
18.0,27.0,0.0006423013206146105,53.551414139944754,0.0
18.0,28.0,0.0005369762563866564,51.53403386614848,0.0
18.0,29.0,0.00045377000811654096,51.69248294192423,131.8398485049119
18.0,30.0,0.0003877252244283273,57.78699122960399,22.000337544206996
18.0,31.0,0.0003348567819041554,51.69881531853045,0.0
18.0,32.0,0.00029229038613895204,51.94074114281226,0.0
18.0,33.0,0.00025772440492220354,53.873658374864156,0.0
18.0,34.0,0.00022957425279256823,50.87797281893973,0.0
18.0,35.0,0.00020656421998373705,54.74562358248367,66.02637331593914
18.0,36.0,0.00018786618449317147,56.86027870664439,2.204389472685641
18.0,37.0,0.00017291786104220536,55.49557265724314,163.4309471354632
18.0,38.0,0.00016155546918052987,54.51704952613065,56.17016791074102
18.0,39.0,0.00015426978401442303,55.8016775076458,87.66771546289816
18.0,40.0,0.0,53.19235069049227,275.41851294899345
19.0,1.0,0.00016411050657245832,55.14403939207477,171.9314949100733
19.0,2.0,0.00016517308009567457,53.55498397754483,0.0
19.0,3.0,0.00017322258360314007,51.230907271115434,59.78246087051445
19.0,4.0,0.00018564760858553594,53.59292509551993,0.0
19.0,5.0,0.00020191898757149234,53.771932201863315,230.61199354412514
19.0,6.0,0.0002221925519629031,57.40977277101862,0.0
19.0,7.0,0.00024705724027379773,55.14543491708591,259.9564123188443
19.0,8.0,0.0002772884998908815,53.3552702630516,213.66725732270194
19.0,9.0,0.0003140926115610503,51.68420963422711,0.0
19.0,10.0,0.0003588697293367764,57.25943228168468,102.82904631593478
19.0,11.0,0.0004135407956529559,54.00065661950692,12.333403977194617
19.0,12.0,0.0004801946446860107,54.36049064292595,93.4078172001871
19.0,13.0,0.0005613147678536599,53.75272816078937,0.0
19.0,14.0,0.0006590559177156477,54.44057894366163,21.15048978788844
19.0,15.0,0.0007743114925512043,55.742477280654015,0.0
19.0,16.0,0.0009047836181967853,54.008282514196345,39.12744240506823
19.0,17.0,0.0010423349789975046,56.316328070770034,15.470828907680424
19.0,18.0,0.0011699363400396354,53.74917861134788,0.0
19.0,19.0,0.0012627452722868842,56.025672876367715,94.38186090006235
19.0,20.0,0.0012976699568896266,51.54838062818619,37.79628378254081
19.0,21.0,0.0012625977958926097,56.915891204594395,235.94183526321777
19.0,22.0,0.001168039376865368,56.619223292351194,0.0
19.0,23.0,0.0010399434133685648,49.65976741777819,196.78757300434162
19.0,24.0,0.0009020206549016869,53.02090639905199,70.4624406365229
19.0,25.0,0.0007712909532169317,55.700220084923274,0.0
19.0,26.0,0.0006560139034114372,54.715270304905374,0.0
19.0,27.0,0.0005582591303003135,53.395715856860676,0.0
19.0,28.0,0.000477117552675611,57.1428415905754,30.747523768081074
19.0,29.0,0.00041042277323590653,53.003624147562974,10.544300278127078
19.0,30.0,0.00035576671390732235,54.14406407742402,170.9951452015953
19.0,31.0,0.0003108680457949147,55.13900422685103,0.0
19.0,32.0,0.0002739585556393606,53.93743590378575,0.0
19.0,33.0,0.0002434728291724812,56.419592689056884,0.0
19.0,34.0,0.00021830488903503675,54.44981713297416,0.0
19.0,35.0,0.00019750449063369173,56.909068537812765,86.56967446090296
19.0,36.0,0.0001804823827265736,57.27959121444494,47.011840245514946
19.0,37.0,0.00016679723602146607,55.377075138045505,0.0
19.0,38.0,0.00015638149908616812,55.04097606034135,44.2560370771505
19.0,39.0,0.00014977911545199706,54.721957138351044,0.0
19.0,40.0,0.0,57.56016614275988,142.0864765331829
20.0,1.0,0.0,52.33040858306676,0.0
20.0,2.0,0.00015939268292988697,54.79082018282334,0.0
20.0,3.0,0.00016653673760326946,53.34060330272049,193.63838713614297
20.0,4.0,0.00017771067585475032,53.008692595967936,231.85980500194697
20.0,5.0,0.00019231355189912357,53.548639515868715,79.16819177298137
20.0,6.0,0.00021037563162213158,53.93857738823091,0.0
20.0,7.0,0.0002322950565998083,54.21938842855089,0.0
20.0,8.0,0.00025857877075391076,53.791990919265395,30.39908255686518
20.0,9.0,0.0002900380085173648,53.55877083957959,56.70575388156826
20.0,10.0,0.0003275189851217164,52.09820241519512,0.0
20.0,11.0,0.00037214170157336634,54.949866145687395,96.82668174042281
20.0,12.0,0.00042490000431981916,51.467240745466746,0.0
20.0,13.0,0.0004867965807890389,53.73518370888188,0.0
20.0,14.0,0.0005581929118387939,53.95300117058972,0.0
20.0,15.0,0.0006382084366644398,50.95916170788736,0.0
20.0,16.0,0.0007237417666971677,53.04887868345931,33.53344911908927
20.0,17.0,0.0008086133531871001,53.93245219532946,171.7566619335203
20.0,18.0,0.0008828675327904176,53.23450403589413,177.273680518605
20.0,19.0,0.0009343223689605312,54.964846446202856,50.834704376947315
20.0,20.0,0.0009532788386908494,52.32699350125832,125.54621275382873
20.0,21.0,0.0009342132619170325,53.103005506873195,65.79444004310206
20.0,22.0,0.0008814361971325766,52.69081700855695,129.74984575495785
20.0,23.0,0.0008067582627222778,52.33156801778996,139.29367733335562
20.0,24.0,0.0007215319151515668,51.849579523414,109.7682152984198
20.0,25.0,0.0006357191193961608,54.290236930060686,50.933721534977806
20.0,26.0,0.0005556167566255124,57.11429116888352,46.616167841069476
20.0,27.0,0.0004841469133295663,54.29545519109506,0.0
20.0,28.0,0.00042217756564005143,51.78827949816239,0.0
20.0,29.0,0.0003693361576010737,51.991436301352984,0.0
20.0,30.0,0.0003246873906344808,51.984111012974644,0.0
20.0,31.0,0.00028706075754785724,54.10775159927636,0.0
20.0,32.0,0.00025547389351270473,57.12535184836778,0.0
20.0,33.0,0.00022892524199772836,53.4551366053827,0.0
20.0,34.0,0.00020669519321942122,52.94338112108513,0.0
20.0,35.0,0.00018810959761832933,54.03209400607845,0.0
20.0,36.0,0.00017276692859134377,52.34822792011016,0.0
20.0,37.0,0.00016036022525354687,53.740842587864385,18.63429957291123
20.0,38.0,0.0001509099659782978,55.740750562588154,0.0
20.0,39.0,0.0,53.94943549295145,0.0
20.0,40.0,0.0,55.892718649533634,4.235881082238329
21.0,1.0,0.0,55.283493626380796,0.0
21.0,2.0,0.00015323059467228832,57.31172869016013,47.597232805093284
21.0,3.0,0.00015946010569378206,55.36537297620904,94.58960823650695
21.0,4.0,0.00016938048792405886,53.48516868687747,0.0
21.0,5.0,0.0001823318796552244,54.160395966880245,71.93515425711789
21.0,6.0,0.000198238575951624,55.79890090082696,81.39511850263635
21.0,7.0,0.00021734043922213818,51.78654770467772,28.589946549359297
21.0,8.0,0.00023993126324761913,51.439924407019426,0.0
21.0,9.0,0.00026652141323217307,50.19374754718402,0.0
21.0,10.0,0.000297562980384974,55.28340028934946,11.336562923236048
21.0,11.0,0.00033364428416922495,52.01663608499603,0.0
21.0,12.0,0.0003751070350635903,53.159426712847164,135.28400246118883
21.0,13.0,0.00042217756564005143,56.162763038558786,88.5068106253639
21.0,14.0,0.0004744639750629749,51.76122456598107,0.0
21.0,15.0,0.0005306452170018938,53.954234068675156,0.0
21.0,16.0,0.0005880401854414487,50.965034895309536,0.0
21.0,17.0,0.000642459924450025,54.450040851871194,2.8307267555306943
21.0,18.0,0.0006881173417337078,51.26647033811113,17.022133122126128
21.0,19.0,0.0007187095145850241,53.777970506062076,42.45672672366006
21.0,20.0,0.0007298541108726816,53.00640055595819,171.0104416550724
21.0,21.0,0.0007186255860900251,52.75699287078748,116.20626660056176
21.0,22.0,0.0006870017418827435,53.77191472857838,111.1789662278906
21.0,23.0,0.0006409860169574264,52.01759551677074,0.0
21.0,24.0,0.0005862446810606479,53.35800367490408,0.0
21.0,25.0,0.0005285754475878191,52.82142578633922,0.0
21.0,26.0,0.0004722742431316857,53.08108791521214,0.0
21.0,27.0,0.0004198796239495354,52.87894279790912,246.4439834862778
21.0,28.0,0.00037270363216660785,56.17215750661631,0.0
21.0,29.0,0.0003311289688837212,53.35490838657164,29.850825099902774
21.0,30.0,0.0002949903731984002,53.22781338847672,28.827224576509515
21.0,31.0,0.00026378556098992286,54.73899606152316,62.36998300766249
21.0,32.0,0.00023705029542284628,53.2384223784693,0.0
21.0,33.0,0.0002141875654742694,53.960595724452205,0.0
21.0,34.0,0.0001947704705336854,52.38592074662494,0.0
21.0,35.0,0.00017834612369350253,55.878417409862166,0.0
21.0,36.0,0.0001646684788136245,53.992489247415094,47.766476333362434
21.0,37.0,0.0001535460513759174,52.36034942017674,25.17953373594002
21.0,38.0,0.00014507581780903378,55.25948284215072,0.0
21.0,39.0,0.0,56.91015955216058,0.0
21.0,40.0,0.0,51.70639949310272,0.0
22.0,1.0,0.0,55.52780022204962,0.0
22.0,2.0,0.0,54.51781187864009,77.71906544592609
22.0,3.0,0.00015215497208383928,53.18114138281302,0.0
22.0,4.0,0.00016085786856669582,52.820531564099824,95.15729330273759
22.0,5.0,0.00017222501881097876,51.419645850079846,0.0
22.0,6.0,0.00018609628900864095,55.5111834789847,44.32739664998641
22.0,7.0,0.00020258693702451412,54.50602606918064,0.0
22.0,8.0,0.00022183079991270517,55.214230625146214,69.17725971100108
22.0,9.0,0.0002441214852231926,52.57610175295238,0.0
22.0,10.0,0.00026964797342431823,53.73335012415591,46.82838406409888
22.0,11.0,0.00029866835241602364,52.71551018010816,11.462333639295217
22.0,12.0,0.0003311687204731108,54.08836472191013,63.43056362593579
22.0,13.0,0.0003670135020581623,53.690979239710785,131.48038262885927
22.0,14.0,0.00040557287244039845,56.192001889642675,0.0
22.0,15.0,0.00044559434948701366,53.323093811238095,0.0
22.0,16.0,0.0004850386406828129,52.72479638116159,0.0
22.0,17.0,0.0005211674894987523,52.82275764602742,0.0
22.0,18.0,0.0005505582776657107,57.27580311357741,29.932153305755755
22.0,19.0,0.0005697753057879841,54.113023123149276,251.3915637410294
22.0,20.0,0.0005767422030620562,56.07851280303898,64.0553300027479
22.0,21.0,0.0005697087615612993,55.07843872752237,0.0
22.0,22.0,0.0005496655891131143,56.96856427264159,0.0
22.0,23.0,0.0005199717066842823,54.80499161164533,0.0
22.0,24.0,0.0004835574644833786,54.992283087145964,0.0
22.0,25.0,0.0004438561145871022,55.44930276188518,0.0
22.0,26.0,0.00040370086363780743,52.70310866010358,102.44079556250396
22.0,27.0,0.0003650155851963588,52.74764110667173,0.0
22.0,28.0,0.0003290465880521455,54.510058699794186,0.0
22.0,29.0,0.0002964164473370435,56.07148618662098,24.32332241161629
22.0,30.0,0.0002673164259193141,55.12004432377502,103.06708131756795
22.0,31.0,0.00024161526331584944,56.063688861788485,0.0
22.0,32.0,0.00021916684451148849,53.14376865898176,13.377872083383352
22.0,33.0,0.0001996477199214346,54.18506039546738,15.531368826241664
22.0,34.0,0.00018284019587050014,54.3382400725345,0.0
22.0,35.0,0.00016845971259932534,55.8787326465153,66.32499847561198
22.0,36.0,0.0001563823612942418,55.641231515363515,0.0
22.0,37.0,0.00014651108569453108,52.19027384676643,0.0
22.0,38.0,0.0,56.77758221769765,11.697615534777906
22.0,39.0,0.0,57.015246423049476,0.0
22.0,40.0,0.0,54.17145597340461,0.0
23.0,1.0,0.0,52.44977022410158,0.0
23.0,2.0,0.0,54.83987002165312,9.44316103219169
23.0,3.0,0.00014494308160412572,57.33423555358702,0.0
23.0,4.0,0.0001525174392338553,56.90861882958763,40.88400533315624
23.0,5.0,0.00016243199336178827,53.42193519528595,0.0
23.0,6.0,0.0001744630236349131,51.08868549546317,151.76793449601865
23.0,7.0,0.00018860933036118061,56.16677139891544,0.0
23.0,8.0,0.00020491202686437492,53.386262352924376,24.016923753522004
23.0,9.0,0.00022351617763566916,56.84618784015201,0.0
23.0,10.0,0.0002444454507900335,52.68582199040539,0.0
23.0,11.0,0.0002677660389698393,50.08936874720414,54.92863347384164
23.0,12.0,0.00029329037109971555,51.08880859943552,151.913819654417
23.0,13.0,0.00032074420683498277,54.526636092963464,0.0
23.0,14.0,0.00034948748327559673,54.13886284732102,0.0
23.0,15.0,0.00037848440970756524,51.243318760533946,0.0
23.0,16.0,0.00040625598245604887,51.71633412532031,0.0
23.0,17.0,0.0004310233969350174,55.232363982494824,65.56733890889788
23.0,18.0,0.00045070749030448035,52.82083060552895,0.0
23.0,19.0,0.0004633411247681724,53.295824737383676,161.09426763346204
23.0,20.0,0.00046791979237892145,54.96760957189203,36.87563189183113
23.0,21.0,0.0004632869231474469,53.727835799804375,99.95450088135124
23.0,22.0,0.0004499755153998598,56.58097010192054,23.450458052136828
23.0,23.0,0.00043003283478592626,51.674765507102904,0.0
23.0,24.0,0.0004050133643613525,53.95927741288383,0.0
23.0,25.0,0.00037700555171921337,53.335356612536756,0.0
23.0,26.0,0.00034787170009886503,50.90493654646675,49.874747049330956
23.0,27.0,0.00031899528674819597,55.106514336002554,72.65284996176855
23.0,28.0,0.00029140784645373424,55.00770586391993,0.0
23.0,29.0,0.00026574376165941087,54.56925437520291,0.0
23.0,30.0,0.00024232826526770457,50.807077880242694,0.0
23.0,31.0,0.00022121760252491712,55.869948056464864,148.12368883083036
23.0,32.0,0.00020244702974378236,54.153585189325284,0.0
23.0,33.0,0.00018586815819668202,55.070731096817426,67.98070093564533
23.0,34.0,0.00017140510090255944,54.62089851044575,35.391897282487555
23.0,35.0,0.0001588955538336439,52.793746470604994,0.0
23.0,36.0,0.000148287634389273,54.89611007196873,0.0
23.0,37.0,0.0001395789418181298,56.07253005329162,0.0
23.0,38.0,0.0,57.134379097288175,7.346851367708178
23.0,39.0,0.0,57.817947456812384,106.62659624037391
23.0,40.0,0.0,56.336661885112896,47.50761717765408
24.0,1.0,0.0,56.192415710319835,0.0
24.0,2.0,0.0,57.44166456915717,0.0
24.0,3.0,0.0,56.827678983791664,45.77050340322562
24.0,4.0,0.00014432054277891334,58.26061742218308,0.0
24.0,5.0,0.00015290429393730935,55.358250912618104,1.9338391463968172
24.0,6.0,0.000163274596343055,58.47570713275846,0.0
24.0,7.0,0.00017536470704439258,53.85264247906416,0.0
24.0,8.0,0.00018913736221392766,53.27447396675299,88.05732940386127
24.0,9.0,0.00020461570194692355,51.60099184676715,171.51463294028926
24.0,10.0,0.00022174913114065582,53.65415432510141,25.01078480662119
24.0,11.0,0.0002405004577613635,53.52383086636148,0.0
24.0,12.0,0.0002606125466140264,52.1218175750566,0.0
24.0,13.0,0.0002817831203608245,56.60799882056583,33.4320165391656
24.0,14.0,0.00030344789314207493,53.232177075748545,0.0
24.0,15.0,0.0003247982693599963,52.34510903635878,13.810536010815518
24.0,16.0,0.000344779789685114,55.63125343696977,0.0
24.0,17.0,0.0003622309238689504,51.94472383433576,20.821400846200515
24.0,18.0,0.00037585240212733515,53.81124593693635,0.0
24.0,19.0,0.0003844678201220305,52.07174547093482,23.404902979533777
24.0,20.0,0.0003875997891310068,51.562506924682644,0.0
24.0,21.0,0.00038442274167911335,51.1604906326061,18.585196493121312
24.0,22.0,0.00037524059243910173,54.72746546799291,92.99519070149852
24.0,23.0,0.00036139654050705317,52.698362802231244,0.0
24.0,24.0,0.00034372277447418647,53.02001425358718,0.0
24.0,25.0,0.0003235262410058947,54.606033623444716,0.0
24.0,26.0,0.00030204170271693923,52.53758363376343,61.71323808627177
24.0,27.0,0.0002802430542547398,51.88477046230275,0.0
24.0,28.0,0.00025893584033156845,51.4923166305019,0.0
24.0,29.0,0.00023867980754254897,55.09191483407968,0.0
24.0,30.0,0.00021982394781807892,53.065037805112055,0.0
24.0,31.0,0.0002025064379424998,52.30129091515648,0.0
24.0,32.0,0.00018685660328737926,52.4434479785805,0.0
24.0,33.0,0.0001728324171954856,55.495471122414834,0.0
24.0,34.0,0.0001604282808923465,55.036368710890585,47.812916083279205
24.0,35.0,0.0001495897313316429,53.23643906983003,223.84683882037612
24.0,36.0,0.00014033126180983832,53.26773461579158,0.0
24.0,37.0,0.0,52.19642519721958,41.82250532933921
24.0,38.0,0.0,55.55417378743532,161.2644867829671
24.0,39.0,0.0,54.96431128041271,157.09377588553915
24.0,40.0,0.0,54.923024884524224,263.46405707057784
25.0,1.0,0.0,52.32474307052107,0.0
25.0,2.0,0.0,56.39838381545005,0.0
25.0,3.0,0.0,52.54555799256342,218.04529214305214
25.0,4.0,0.00013637662855145162,55.0693733100604,0.0
25.0,5.0,0.00014376127946266593,55.500111515222585,172.32757499376478
25.0,6.0,0.00015265652797173738,54.56406473507311,9.257898933042863
25.0,7.0,0.0001629508258092334,51.53149998192148,10.717819549069274
25.0,8.0,0.00017455610383960548,54.33837052445808,0.0
25.0,9.0,0.00018743699879405698,54.963548782433826,0.0
25.0,10.0,0.00020148940996911292,53.526869644021644,0.0
25.0,11.0,0.00021660104193305332,53.40925812906027,97.14066266472955
25.0,12.0,0.00023252468504519902,54.4515667546357,78.74060294409745
25.0,13.0,0.00024897924159546854,52.297492832704165,19.543140367351697
25.0,14.0,0.00026549747888060174,54.95124924135679,48.14457386947841
25.0,15.0,0.00028146391471778256,55.80394890376372,0.0
25.0,16.0,0.0002961283478956789,58.364341685560184,0.0
25.0,17.0,0.00030872438684222635,51.792315393803435,0.0
25.0,18.0,0.00031841685111420046,53.590524221859475,0.0
25.0,19.0,0.0003244741251464334,52.61229559740976,0.0
25.0,20.0,0.00032668899191191594,52.60692851780047,0.0
25.0,21.0,0.000324435964381489,52.64726475607804,0.0
25.0,22.0,0.0003178969469340057,54.289133789920726,10.990431455304693
25.0,23.0,0.000308011071666024,55.37793337511994,53.420093431745244
25.0,24.0,0.000295217694917879,54.87469461988893,0.0
25.0,25.0,0.0002803581991911753,52.921505439287,0.0
25.0,26.0,0.0002642633421516958,54.83041143738171,97.05392492356098
25.0,27.0,0.00024761422900781505,55.21529730092127,198.30390916929628
25.0,28.0,0.0002310240078265646,56.022892678816305,0.0
25.0,29.0,0.00021495615328622842,53.67409439689284,53.40902365452516
25.0,30.0,0.00019973456735629917,54.02313781303771,0.0
25.0,31.0,0.0001855223246508058,52.48637634739547,0.0
25.0,32.0,0.00017246807180703168,53.59911874362116,113.05050680625874
25.0,33.0,0.00016061392302174556,53.1038945200489,18.96426037871047
25.0,34.0,0.00015001061317144126,55.18044469249084,11.214888222204019
25.0,35.0,0.00014065913146447346,49.95530010544243,0.0
25.0,36.0,0.00013261978030430934,53.658352753721125,103.62925764677432
25.0,37.0,0.0,55.81201498023667,184.7415879863364
25.0,38.0,0.0,57.143714455452354,140.98864163916073
25.0,39.0,0.0,54.43171093584821,10.568101922500105
25.0,40.0,0.0,53.9907515771634,34.32326993839462
26.0,1.0,0.0,53.3246273930712,0.0
26.0,2.0,0.0,55.574971247246275,0.0
26.0,3.0,0.0,54.98462144520739,246.49059216359603
26.0,4.0,0.0,57.48507124921899,106.9322999324094
26.0,5.0,0.0001350847744563681,55.6810262479628,305.9072147619814
26.0,6.0,0.0001426862794145677,52.665347917824306,159.38711343635475
26.0,7.0,0.00015143007928131863,54.69282019891932,0.0
26.0,8.0,0.00016119726033407363,51.99719485409663,0.0
26.0,9.0,0.0001719186698816711,55.097578336522076,0.0
26.0,10.0,0.00018346500645098046,54.641940293874704,35.695039282517364
26.0,11.0,0.00019570790304279594,52.81383608946326,0.0
26.0,12.0,0.00020841143117160835,54.44015938659069,0.0
26.0,13.0,0.0002213083129274749,55.340162217343554,19.04332929531991
26.0,14.0,0.000234047115829593,54.443388277608236,0.0
26.0,15.0,0.0002461636459951233,55.20186134429492,21.587037091175514
26.0,16.0,0.0002571210896611094,54.05470820343742,0.0
26.0,17.0,0.000266407569250334,54.02494842603045,41.9567126300829
26.0,18.0,0.0002734713942973737,52.90396850671134,0.0
26.0,19.0,0.00027784118262131447,54.48345990790302,0.0
26.0,20.0,0.0002794522148708199,55.429946969884455,68.45546881846184
26.0,21.0,0.00027780837831275617,53.42819664546373,14.27970498264243
26.0,22.0,0.0002730231274313495,54.60629292724516,0.0
26.0,23.0,0.0002657896135586834,54.20438457103107,115.84563415914427
26.0,24.0,0.0002563272828462673,56.791264677667094,0.0
26.0,25.0,0.00024519279168714047,55.74108998735643,0.0
26.0,26.0,0.00023295486499050683,53.6647584312484,0.0
26.0,27.0,0.00022009017772966311,54.07060589446435,0.0
26.0,28.0,0.0002070609966445902,55.507386682577504,0.0
26.0,29.0,0.0001942394538519389,56.85133009618551,0.0
26.0,30.0,0.00018188466825538657,54.36235665452364,159.37805318043218
26.0,31.0,0.00017017960943211636,51.09884056100106,0.0
26.0,32.0,0.00015928566858046207,52.115581047622406,101.72011177437894
26.0,33.0,0.00014927438604900897,54.68363016042416,13.604794072102347
26.0,34.0,0.00014022840218379644,55.096445733784485,0.0
26.0,35.0,0.00013218398981298778,55.590322638599474,0.0
26.0,36.0,0.0,56.46095331113081,273.5241474663925
26.0,37.0,0.0,55.1178828804268,163.95451086464686
26.0,38.0,0.0,55.050281621441,137.52279642159743
26.0,39.0,0.0,53.05592876831025,0.0
26.0,40.0,0.0,55.05396026392153,278.7993435534216
27.0,1.0,0.0,54.37004763658945,0.0
27.0,2.0,0.0,56.392272649034034,0.0
27.0,3.0,0.0,55.05535790869654,0.0
27.0,4.0,0.0,55.45743083334917,35.947076674170454
27.0,5.0,0.0,52.18092271298943,0.0
27.0,6.0,0.000133387258140575,53.68319728508274,0.0
27.0,7.0,0.0001408033517257455,58.80781982663527,62.24626750677741
27.0,8.0,0.00014902216565628604,55.655285597937535,21.387786650556837
27.0,9.0,0.0001579570125524156,51.904967736164004,0.0
27.0,10.0,0.00016747043570299332,51.76871977687966,0.0
27.0,11.0,0.00017743448028800077,50.28218659346106,43.282457761675715
27.0,12.0,0.00018763598365273299,52.86018535836933,0.0
27.0,13.0,0.00019785203278767475,51.535133277050626,25.967199427183914
27.0,14.0,0.0002077831023979494,53.808139471574144,0.0
27.0,15.0,0.00021710252825821963,56.031921114758525,0.0
27.0,16.0,0.0002254223877288128,52.700514473349536,0.0
27.0,17.0,0.0002323966791380769,53.718205545495906,0.0
27.0,18.0,0.00023765148862740594,54.64899772713748,0.0
27.0,19.0,0.0002408732288097799,55.12346787170962,19.487891658512797
27.0,20.0,0.00024207345666478307,50.81288002455051,0.0
27.0,21.0,0.00024084465739237308,52.84996758493384,22.12430456117246
27.0,22.0,0.00023726013037763318,54.94927284034466,0.0
27.0,23.0,0.00023185511085600566,56.022239160093086,123.11859417646052
27.0,24.0,0.00022472320388351784,55.0249830005625,0.0
27.0,25.0,0.00021624229049098777,55.70134445655117,0.0
27.0,26.0,0.0002068088739011489,53.353131649775456,13.841373323188213
27.0,27.0,0.00019675787655642555,55.72188491329098,84.93108733671885
27.0,28.0,0.00018643749243453967,52.13717648114584,0.0
27.0,29.0,0.00017612041786899121,52.23127760687409,0.0
27.0,30.0,0.00016604510486410885,51.88129279781014,214.7841947597116
27.0,31.0,0.00015637617971005045,52.56642799359215,113.12650787205625
27.0,32.0,0.0001472716852326934,53.14711076635388,328.9212505041058
27.0,33.0,0.00013881516800859521,52.23280106578645,12.623281644259709
27.0,34.0,0.00013110516168341095,53.82455245511023,29.392023272544293
27.0,35.0,0.0,55.981673406685914,25.16782663281938
27.0,36.0,0.0,56.04316158496827,0.0
27.0,37.0,0.0,55.3610966172032,54.52642788661591
27.0,38.0,0.0,55.65742407650311,188.02243403105786
27.0,39.0,0.0,51.04639615084036,71.64919671478475
27.0,40.0,0.0,55.68347800265665,59.904322993014226
28.0,1.0,0.0,51.693587967140765,0.0
28.0,2.0,0.0,52.242491341991155,0.0
28.0,3.0,0.0,51.48898259350836,0.0
28.0,4.0,0.0,53.44311992342985,0.0
28.0,5.0,0.0,53.944503384696276,9.437524628309772
28.0,6.0,0.0,56.56254140375476,15.137639151095566
28.0,7.0,0.0001310627036742964,53.330111095656534,38.701307044780734
28.0,8.0,0.0001379839769564958,50.892563273874956,0.0
28.0,9.0,0.00014544579861959118,53.27933327027464,37.02018764574251
28.0,10.0,0.00015331224502380128,50.53799159276674,56.627802206761785
28.0,11.0,0.00016146387014663648,53.70282418114425,0.0
28.0,12.0,0.00016971348565148565,55.64737042136155,0.0
28.0,13.0,0.00017787866343814252,55.3521387689228,0.0
28.0,14.0,0.00018572317254015447,54.25884041689955,73.58752892632899
28.0,15.0,0.000192980848872758,51.85157261359713,0.0
28.0,16.0,0.00019939001505363244,51.59109669618153,0.0
28.0,17.0,0.00020471423274076987,51.88158809066392,0.0
28.0,18.0,0.00020869382890136422,52.40453136396286,0.0
28.0,19.0,0.0002111139613608898,52.85430963718926,0.0
28.0,20.0,0.0002120269551881147,52.4295100454959,142.7799619770584
28.0,21.0,0.0002110887828200257,58.15573475064812,0.0
28.0,22.0,0.00020834827627755933,52.67932985287606,0.0
28.0,23.0,0.00020423455905304447,54.827794369198195,0.0
28.0,24.0,0.00019876817618813338,56.26680914745793,126.00869736025211
28.0,25.0,0.00019221197451170166,56.74434497617315,84.05735977004218
28.0,26.0,0.00018484755639153075,57.57971056375592,0.0
28.0,27.0,0.000176911489171461,55.34205885929496,275.84819972002686
28.0,28.0,0.00016864620685830812,56.09404655278464,67.83399126513558
28.0,29.0,0.00016028495867084755,54.8503654627439,168.13063379481574
28.0,30.0,0.00015202444389190994,52.636864298217404,64.77098593788142
28.0,31.0,0.00014400716656859944,51.835934880871974,85.8480228618297
28.0,32.0,0.00013638007133435917,52.69113501065193,97.31538641630264
28.0,33.0,0.00012922864846940844,56.3673871627412,212.22454179592424
28.0,34.0,0.0,56.838701783089114,15.069026585331798
28.0,35.0,0.0,52.70080498621292,42.240999181355804
28.0,36.0,0.0,53.622948454124106,54.54456994374493
28.0,37.0,0.0,53.97568307042855,105.35948004071625
28.0,38.0,0.0,53.127660389716226,0.0
28.0,39.0,0.0,57.4778556419971,84.54628222226823
28.0,40.0,0.0,54.73203237790949,4.748616059057685
29.0,1.0,0.0,52.625760352543146,17.42803042349517
29.0,2.0,0.0,54.364148473716604,0.0
29.0,3.0,0.0,53.08616441018564,0.0
29.0,4.0,0.0,55.11926526877988,0.0
29.0,5.0,0.0,54.7991467665735,49.71641653782999
29.0,6.0,0.0,53.87196956034627,0.0
29.0,7.0,0.0,52.10655100303666,0.0
29.0,8.0,0.0001280183643772213,56.56773486255594,0.0
29.0,9.0,0.0001342679071168871,51.531440874692635,0.0
29.0,10.0,0.00014079987027512287,49.635272226714434,101.63432178252229
29.0,11.0,0.00014750662686945228,53.892651728357706,0.0
29.0,12.0,0.00015422613321516173,50.292971386619584,0.0
29.0,13.0,0.00016081048312550605,50.3216112533685,0.0
29.0,14.0,0.00016707313612914575,55.82277995992961,0.0
29.0,15.0,0.00017281090200350438,55.43751907467395,79.13870617277294
29.0,16.0,0.00017781299444632863,54.02163688831164,30.45837299356257
29.0,17.0,0.00018193706084375426,51.344688958135045,19.468395998678943
29.0,18.0,0.0001849985417705898,51.117628720805726,0.0
29.0,19.0,0.0001868461652474749,54.39981137012408,0.0
29.0,20.0,0.0001875535175317952,54.07110049295307,0.0
29.0,21.0,0.00018682373730793603,53.10635334067837,0.0
29.0,22.0,0.00018469024795615788,55.00787563090004,0.0
29.0,23.0,0.00018150800324661642,56.45973858605505,0.0
29.0,24.0,0.00017725485707204,55.555418225158405,75.23261527001115
29.0,25.0,0.00017211791633238926,54.86658306720473,156.98878839866978
29.0,26.0,0.00016630090227049563,55.37554437188606,0.0
29.0,27.0,0.00015995198606462478,52.18099462165385,0.0
29.0,28.0,0.00015327249172899794,55.442466693711324,9.968445830731564
29.0,29.0,0.00014644617990757197,53.99531142674844,199.25181385401783
29.0,30.0,0.00013963408217698153,51.64071290451931,293.92104666539205
29.0,31.0,0.00013295690667889585,49.66276362905126,108.42156515768633
29.0,32.0,0.0001265475024576661,52.99459047851177,125.88409937331767
29.0,33.0,0.0,53.77509720609902,176.00504819741732
29.0,34.0,0.0,55.99656486335755,131.4500421806055
29.0,35.0,0.0,55.91665844682014,34.46697841046084
29.0,36.0,0.0,58.85001209811638,44.657023801593944
29.0,37.0,0.0,55.24720898126058,0.0
29.0,38.0,0.0,53.05915393281153,0.0
29.0,39.0,0.0,54.75963143204308,0.0
29.0,40.0,0.0,54.37747434814425,64.56099643809229
30.0,1.0,0.0,52.85282550284861,0.0
30.0,2.0,0.0,53.234697515231105,0.0
30.0,3.0,0.0,53.15037926826419,0.0
30.0,4.0,0.0,55.192997954869256,0.0
30.0,5.0,0.0,54.492744534034,0.0
30.0,6.0,0.0,53.50638497839722,0.0
30.0,7.0,0.0,55.10462898189283,0.0
30.0,8.0,0.0,56.44916185403695,48.57652005742584
30.0,9.0,0.0,54.205944128743695,0.0
30.0,10.0,0.0001297557141025761,55.45495693262678,205.45085075019927
30.0,11.0,0.00013530706229773214,53.781532413173274,42.520482262996076
30.0,12.0,0.00014082077409349983,48.93969531044867,70.164975386204
30.0,13.0,0.00014617734989606733,51.41498050682129,0.0
30.0,14.0,0.00015122877243008067,56.192157736004944,44.99682589221953
30.0,15.0,0.00015581839414235347,54.899238210862585,0.0
30.0,16.0,0.0001597876538850394,53.8071688222555,0.0
30.0,17.0,0.00016302380022750152,51.948296039570316,0.0
30.0,18.0,0.00016541178516566859,54.66104417650864,0.0
30.0,19.0,0.00016684232100481325,57.88621791797737,0.0
30.0,20.0,0.00016739938133058,55.88373056939445,137.6347532937935
30.0,21.0,0.00016682214208461248,54.541278412940606,33.15906521232401
30.0,22.0,0.00016513403785459334,50.02611312480845,101.13707423523897
30.0,23.0,0.00016263641964275473,54.37083198186694,0.0
30.0,24.0,0.00015928227038621457,53.88275729553256,133.92306552019747
30.0,25.0,0.00015520775297750642,53.11830895594764,0.0
30.0,26.0,0.00015054454080215074,53.27370414956647,35.3173971086094
30.0,27.0,0.0001454122811827699,53.02647445778278,143.92511113980703
30.0,28.0,0.00013996584777583785,54.66242608235565,135.8855249374309
30.0,29.0,0.00013435063041893362,52.590050809062326,51.30527773544471
30.0,30.0,0.00012869823406211022,48.78317252107025,85.50452583533014
30.0,31.0,0.0,54.013902134305525,0.0
30.0,32.0,0.0,49.75854783028272,117.81516933068183
30.0,33.0,0.0,51.2949373420037,14.153212735328761
30.0,34.0,0.0,53.6032028546599,0.0
30.0,35.0,0.0,55.230415436507904,0.0
30.0,36.0,0.0,51.19510789026451,0.0
30.0,37.0,0.0,55.709291899789264,0.0
30.0,38.0,0.0,56.104917110569914,99.85595116589495
30.0,39.0,0.0,54.5503204065787,0.0
30.0,40.0,0.0,53.67083072233094,0.0
31.0,1.0,0.0,54.94577540824277,0.0
31.0,2.0,0.0,53.86241788207986,0.0
31.0,3.0,0.0,56.35585210429646,0.0
31.0,4.0,0.0,55.47730965267929,0.0
31.0,5.0,0.0,55.6972674520586,0.0
31.0,6.0,0.0,53.10101484388267,133.51387569961392
31.0,7.0,0.0,54.92653342334583,20.394159779572355
31.0,8.0,0.0,53.520533136660724,0.0
31.0,9.0,0.0,52.035580093138655,0.0
31.0,10.0,0.0,54.16102147145197,0.0
31.0,11.0,0.0,51.22578339154711,0.0
31.0,12.0,0.0001291875098400613,51.635139064241145,119.9101311069393
31.0,13.0,0.00013358305531564453,54.96114298409386,0.0
31.0,14.0,0.00013769791380023895,52.68420767473945,64.4873838088716
31.0,15.0,0.00014140999064559813,52.01035377997822,95.0407441605403
31.0,16.0,0.00014459828244842222,54.94930438929616,0.0
31.0,17.0,0.00014716684078704188,50.303448078727655,0.0
31.0,18.0,0.00014905210414026428,52.06552320409539,0.0
31.0,19.0,0.00015017317904554337,52.543792779570424,0.0
31.0,20.0,0.0001506182987133819,55.682991693662444,0.0
31.0,21.0,0.0001501548577942638,50.669231407914545,0.0
31.0,22.0,0.0001487996438713463,57.208434686309204,23.091096678454928
31.0,23.0,0.0001468140845585787,52.58186670168759,63.35116719000548
31.0,24.0,0.0001441369352414263,54.103697420585284,41.48905986518261
31.0,25.0,0.00014086938691250302,54.911325383902984,0.0
31.0,26.0,0.000137089129820316,54.185009299881564,0.0
31.0,27.0,0.0001328987907991582,55.909552745165094,0.0
31.0,28.0,0.00012841876194003978,52.52866929031717,0.0
31.0,29.0,0.0,53.3803449783653,105.71667818659209
31.0,30.0,0.0,49.872113243522215,78.22121361162968
31.0,31.0,0.0,55.49815127532733,184.65237833890777
31.0,32.0,0.0,49.217288048334936,54.68159205658346
31.0,33.0,0.0,54.49068019639761,0.0
31.0,34.0,0.0,53.890895517511034,0.0
31.0,35.0,0.0,54.20650566711123,143.15291743359757
31.0,36.0,0.0,52.25639758798518,129.02494584548154
31.0,37.0,0.0,54.66006209754634,194.62835653739936
31.0,38.0,0.0,53.42039690828814,130.2296730768971
31.0,39.0,0.0,53.62477566727555,35.9566289419103
31.0,40.0,0.0,53.232126114612804,94.18210630473959
32.0,1.0,0.0,54.929411151337014,0.0
32.0,2.0,0.0,53.15000504954978,0.0
32.0,3.0,0.0,52.71004200554495,0.0
32.0,4.0,0.0,58.06465292259103,0.0
32.0,5.0,0.0,56.85429742068952,0.0
32.0,6.0,0.0,57.79101050746947,98.59225356744233
32.0,7.0,0.0,53.911407679733415,101.65861025742306
32.0,8.0,0.0,53.68810730658886,0.0
32.0,9.0,0.0,54.58539226136501,0.0
32.0,10.0,0.0,55.22466885201417,0.0
32.0,11.0,0.0,53.23339489107499,0.0
32.0,12.0,0.0,54.22975883973705,79.99037268816068
32.0,13.0,0.0,51.81619987762051,26.26211566549518
32.0,14.0,0.00012612688407837724,54.07796575777314,67.27317314566034
32.0,15.0,0.0001291616949888203,56.17008886235129,112.5291775017387
32.0,16.0,0.0001317527975608094,48.391953662079,130.96334793800656
32.0,17.0,0.00013382972938150137,53.3920541395073,0.0
32.0,18.0,0.00013533445276022713,50.86352659486014,0.46172443153927745
32.0,19.0,0.00013622248622951634,51.79345967129528,0.0
32.0,20.0,0.0001365829957006981,56.48212842446218,0.0
32.0,21.0,0.00013620569460760229,51.138473289280405,0.0
32.0,22.0,0.00013510284935639705,53.797620944482304,0.0
32.0,23.0,0.00013350560880400785,53.809513341682674,60.69737283158369
32.0,24.0,0.00013134482724444431,54.04710472815056,0.0
32.0,25.0,0.00012868084114099775,54.52424035709011,0.0
32.0,26.0,0.00012558290747023834,52.385882834786216,59.471415887545
32.0,27.0,0.0,53.63908516079277,0.0
32.0,28.0,0.0,54.77825779107712,207.7381121106808
32.0,29.0,0.0,54.84273991333559,214.82052860476935
32.0,30.0,0.0,53.571242769375516,99.37213721231082
32.0,31.0,0.0,56.02719258149236,123.69668575639568
32.0,32.0,0.0,52.93764276471917,109.23004813535528
32.0,33.0,0.0,48.94494343258186,107.19428210167096
32.0,34.0,0.0,57.233166003106454,150.03404612113164
32.0,35.0,0.0,55.01513294837071,158.0638175253623
32.0,36.0,0.0,54.56962305144333,12.244486391525577
32.0,37.0,0.0,52.969340293220434,7.573745602141656
32.0,38.0,0.0,56.406883188688184,0.0
32.0,39.0,0.0,55.39804099461475,85.39677252702522
32.0,40.0,0.0,58.21815844456576,124.98427453731682
33.0,1.0,0.0,53.94140717849071,0.0
33.0,2.0,0.0,55.69017293446869,0.0
33.0,3.0,0.0,54.932186948805416,0.0
33.0,4.0,0.0,53.82577204283145,0.0
33.0,5.0,0.0,53.71669258118742,1.2212126729789325
33.0,6.0,0.0,57.61034452521599,0.0
33.0,7.0,0.0,51.747189330651224,0.0
33.0,8.0,0.0,53.032818505814106,0.0
33.0,9.0,0.0,53.426699353493,0.0
33.0,10.0,0.0,55.66605108972463,49.852490941727055
33.0,11.0,0.0,54.23554066125306,90.19953236910484
33.0,12.0,0.0,50.630343134952625,32.9468970986654
33.0,13.0,0.0,53.77239163745367,0.0
33.0,14.0,0.0,55.424824708190535,0.0
33.0,15.0,0.0,54.42702415139789,0.0
33.0,16.0,0.0,52.047363736982284,6.158624995385766
33.0,17.0,0.0,54.16064291697373,0.0
33.0,18.0,0.0,54.42834572126121,122.77134138523031
33.0,19.0,0.0,53.315407401039245,0.0
33.0,20.0,0.00012476425688876194,55.27519386307711,0.0
33.0,21.0,0.0,54.87251707025142,0.0
33.0,22.0,0.0,54.66486504210254,0.0
33.0,23.0,0.0,52.3923815311112,0.0
33.0,24.0,0.0,52.320711523993396,0.0
33.0,25.0,0.0,53.657965148928994,139.7587390098742
33.0,26.0,0.0,56.62047851745313,0.0
33.0,27.0,0.0,51.07164729419525,0.0
33.0,28.0,0.0,52.388269276031565,48.16991254842783
33.0,29.0,0.0,53.29663479703384,0.0
33.0,30.0,0.0,52.6883844267005,0.0
33.0,31.0,0.0,52.12745549757578,0.0
33.0,32.0,0.0,53.317650850261394,63.138614025878816
33.0,33.0,0.0,53.09916121304695,262.90687270017827
33.0,34.0,0.0,57.170841453079596,284.5947983258919
33.0,35.0,0.0,54.92343813285934,0.0
33.0,36.0,0.0,53.41254652871203,55.80855955178045
33.0,37.0,0.0,55.42568997625552,58.06543665697538
33.0,38.0,0.0,55.37831249933355,120.0942623026061
33.0,39.0,0.0,54.91926872172315,55.23071323529278
33.0,40.0,0.0,57.88486698644685,0.0
34.0,1.0,0.0,54.18109923602383,0.0
34.0,2.0,0.0,55.36525135614956,14.36010791491363
34.0,3.0,0.0,56.164650021263746,0.0
34.0,4.0,0.0,53.407968084351545,0.0
34.0,5.0,0.0,54.42016051982047,30.278321290769647
34.0,6.0,0.0,55.07793181363469,0.0
34.0,7.0,0.0,55.9052317035868,0.0
34.0,8.0,0.0,53.99283926738223,75.89064166910498
34.0,9.0,0.0,55.13119940863705,0.0
34.0,10.0,0.0,54.4180156207223,0.0
34.0,11.0,0.0,52.200501938179364,0.0
34.0,12.0,0.0,54.59727330896377,14.03626200415989
34.0,13.0,0.0,51.76327206579905,222.03650527109613
34.0,14.0,0.0,58.3999964408863,0.0
34.0,15.0,0.0,54.62060884646881,39.7080033884432
34.0,16.0,0.0,52.91296825624125,110.90365784130732
34.0,17.0,0.0,54.04939399624972,50.07684582322432
34.0,18.0,0.0,51.740410870858305,0.0
34.0,19.0,0.0,54.66719787282163,76.5984288061691
34.0,20.0,0.0,53.23949303755758,65.64476808058612
34.0,21.0,0.0,50.57884034074142,0.0
34.0,22.0,0.0,52.9854998620043,0.0
34.0,23.0,0.0,54.94536895582454,0.0
34.0,24.0,0.0,52.651909649031964,0.0
34.0,25.0,0.0,52.85417349608357,10.647210892709383
34.0,26.0,0.0,53.26867707048588,79.69019903591189
34.0,27.0,0.0,54.84729238705856,151.5639472615709
34.0,28.0,0.0,55.63029237184344,138.13057448685595
34.0,29.0,0.0,54.85020052437255,115.12244351614439
34.0,30.0,0.0,49.126759739715325,0.0
34.0,31.0,0.0,47.424432518378474,0.0
34.0,32.0,0.0,51.46806993298559,18.217583226253243
34.0,33.0,0.0,51.77714567112972,0.0
34.0,34.0,0.0,57.8867322115289,194.9786238503829
34.0,35.0,0.0,52.75598689495329,0.0
34.0,36.0,0.0,56.75224186364981,104.89103623993381
34.0,37.0,0.0,55.71934689333571,62.5320237158817
34.0,38.0,0.0,54.96276926019679,25.57598039204373
34.0,39.0,0.0,55.03451004629284,36.26045373091821
34.0,40.0,0.0,53.06380705784843,66.28058859410386
35.0,1.0,0.0,54.83142221758006,0.0
35.0,2.0,0.0,56.264347608016564,74.33099167654026
35.0,3.0,0.0,57.021458771341806,120.07423061070072
35.0,4.0,0.0,54.162388698339214,0.0
35.0,5.0,0.0,56.23729673284516,19.472605110223103
35.0,6.0,0.0,55.47169394563311,0.0
35.0,7.0,0.0,54.414917227457686,0.0
35.0,8.0,0.0,54.89648487379202,0.0
35.0,9.0,0.0,53.522463509894735,43.189934287598646
35.0,10.0,0.0,52.70104518678451,0.0
35.0,11.0,0.0,52.18916151793856,0.0
35.0,12.0,0.0,50.91835357391777,142.31775099009107
35.0,13.0,0.0,55.408396685948546,107.25010567337459
35.0,14.0,0.0,51.26612463807726,27.77635596662671
35.0,15.0,0.0,54.04215118000751,120.29630941714
35.0,16.0,0.0,53.69864802041974,11.098864454113409
35.0,17.0,0.0,55.55586422155932,120.36504552690505
35.0,18.0,0.0,54.22689658128138,50.44173612207959
35.0,19.0,0.0,56.1784170061993,183.54798842279175
35.0,20.0,0.0,57.281711805094915,0.0
35.0,21.0,0.0,56.190173340937825,72.15319447479284
35.0,22.0,0.0,54.24440423416916,0.0
35.0,23.0,0.0,53.92567185538381,182.86113405497983
35.0,24.0,0.0,52.670204902824146,0.0
35.0,25.0,0.0,51.41103755602459,0.0
35.0,26.0,0.0,50.682908083676764,0.0
35.0,27.0,0.0,57.375792252670806,12.03096030087373
35.0,28.0,0.0,54.69040862005143,0.0
35.0,29.0,0.0,53.972775040615346,55.559339759575955
35.0,30.0,0.0,52.546348038434026,0.0
35.0,31.0,0.0,52.858797680264935,2.7354877223612384
35.0,32.0,0.0,55.84390608702053,0.0
35.0,33.0,0.0,51.85321419142047,0.0
35.0,34.0,0.0,55.97433404303523,0.0
35.0,35.0,0.0,51.44399255616476,29.98418948834145
35.0,36.0,0.0,56.78314037416447,341.29972717695813
35.0,37.0,0.0,56.62028313178937,0.0
35.0,38.0,0.0,54.92804317826793,31.25756946591438
35.0,39.0,0.0,53.22474668509746,0.0
35.0,40.0,0.0,53.40225546366691,127.56175511243545
36.0,1.0,0.0,53.16866397786489,0.0
36.0,2.0,0.0,57.1107579608087,54.25074362081509
36.0,3.0,0.0,55.86329943237767,18.80263878812821
36.0,4.0,0.0,54.1117704241424,0.0
36.0,5.0,0.0,56.615207501975775,0.0
36.0,6.0,0.0,53.21685741652217,0.0
36.0,7.0,0.0,56.91406187209046,0.0
36.0,8.0,0.0,57.31278232363786,0.0
36.0,9.0,0.0,52.179326069853076,149.4065292872795
36.0,10.0,0.0,52.04483602454918,0.0
36.0,11.0,0.0,54.6606146175856,0.0
36.0,12.0,0.0,51.81996583500366,42.825276986473305
36.0,13.0,0.0,56.12461179007401,0.0
36.0,14.0,0.0,53.887780338946534,205.05983167715323
36.0,15.0,0.0,52.32816575233762,0.0
36.0,16.0,0.0,56.34073215233959,78.5523129252461
36.0,17.0,0.0,53.031697999875405,25.20753217646807
36.0,18.0,0.0,57.081057460244075,112.09213900981636
36.0,19.0,0.0,51.57828692410064,0.0
36.0,20.0,0.0,53.36220809866892,0.0
36.0,21.0,0.0,53.19426580322844,69.84965508216206
36.0,22.0,0.0,56.22843384620095,0.0
36.0,23.0,0.0,54.55163943948739,0.0
36.0,24.0,0.0,53.940391418516086,102.54797443565856
36.0,25.0,0.0,53.94545169576484,151.51459369185392
36.0,26.0,0.0,51.37757350826734,0.0
36.0,27.0,0.0,56.1257885916625,0.0
36.0,28.0,0.0,56.00231069122802,0.0
36.0,29.0,0.0,55.08632031391745,76.37351092111109
36.0,30.0,0.0,53.9789071207744,238.66538007407829
36.0,31.0,0.0,53.20441992313323,0.0
36.0,32.0,0.0,52.42368793795411,161.19002273458375
36.0,33.0,0.0,58.00809183437872,146.52663794366208
36.0,34.0,0.0,53.26677746756548,195.25583362304636
36.0,35.0,0.0,54.84924951214598,269.4424021657171
36.0,36.0,0.0,54.1748979833371,193.46320191938793
36.0,37.0,0.0,55.21168952569181,129.8241540180344
36.0,38.0,0.0,53.68158428595582,310.77177218161756
36.0,39.0,0.0,53.089052620838714,0.0
36.0,40.0,0.0,57.559943675862115,197.14917776672038
37.0,1.0,0.0,52.98350395043304,0.0
37.0,2.0,0.0,52.20524997902568,0.0
37.0,3.0,0.0,54.941515316723915,0.0
37.0,4.0,0.0,55.28904338328964,0.0
37.0,5.0,0.0,53.02657083706225,0.0
37.0,6.0,0.0,56.61209673393058,0.0
37.0,7.0,0.0,53.598877538213685,0.0
37.0,8.0,0.0,52.28016959264724,113.33050592587816
37.0,9.0,0.0,54.262433227332274,101.80371109578473
37.0,10.0,0.0,53.612684782887804,0.0
37.0,11.0,0.0,52.79618465544589,0.0
37.0,12.0,0.0,56.157345600289275,106.94251456206925
37.0,13.0,0.0,56.310476033468284,78.36573701084752
37.0,14.0,0.0,48.817817681194335,63.48749870755926
37.0,15.0,0.0,53.82245217136585,0.0
37.0,16.0,0.0,54.1612759556825,37.010574172996606
37.0,17.0,0.0,52.982023393638904,143.03474091258175
37.0,18.0,0.0,53.59898749637225,146.34923305423865
37.0,19.0,0.0,53.782823292646356,0.0
37.0,20.0,0.0,54.86688025808319,134.70576412380893
37.0,21.0,0.0,52.97105952833746,28.903882137803773
37.0,22.0,0.0,53.84837514647704,0.0
37.0,23.0,0.0,55.102413055332775,14.909207712669502
37.0,24.0,0.0,51.422828617721215,108.64241695300963
37.0,25.0,0.0,51.62276641071728,0.0
37.0,26.0,0.0,53.60102950785124,31.407933288353206
37.0,27.0,0.0,51.5546551103564,204.0966438945666
37.0,28.0,0.0,52.81692785379763,78.31768038865968
37.0,29.0,0.0,54.253513818648216,39.48914532540709
37.0,30.0,0.0,55.755659984427055,27.77826799220738
37.0,31.0,0.0,52.68358384228249,151.08123619643402
37.0,32.0,0.0,56.516505903261475,82.12746800045645
37.0,33.0,0.0,51.460595798427796,0.0
37.0,34.0,0.0,54.38015679330163,100.17690897605927
37.0,35.0,0.0,53.91130603978132,0.0
37.0,36.0,0.0,53.694447218312554,123.7151873392614
37.0,37.0,0.0,53.69972195626728,0.0
37.0,38.0,0.0,51.63265218461601,244.48207263289737
37.0,39.0,0.0,52.16528815983089,48.46719126413524
37.0,40.0,0.0,56.97485629358958,25.354647972476865
38.0,1.0,0.0,56.93346833854712,62.39963022984172
38.0,2.0,0.0,53.767102126146895,0.0
38.0,3.0,0.0,55.213206844346594,91.78298523283004
38.0,4.0,0.0,54.68880299948759,56.72428273802658
38.0,5.0,0.0,54.892609332531265,0.0
38.0,6.0,0.0,52.04784841457249,0.0
38.0,7.0,0.0,55.531370589192946,0.0
38.0,8.0,0.0,57.04105242518778,0.0
38.0,9.0,0.0,54.39905188378443,80.07832906812632
38.0,10.0,0.0,53.85338090142336,271.03815451763705
38.0,11.0,0.0,54.065530441032905,55.21723532069003
38.0,12.0,0.0,55.73987077357323,4.719521299738711
38.0,13.0,0.0,55.391644783563265,0.0
38.0,14.0,0.0,52.2585618377469,78.24876056812012
38.0,15.0,0.0,52.956958846172846,277.8107377534962
38.0,16.0,0.0,54.50544900934317,187.81999988462877
38.0,17.0,0.0,52.969967806297596,77.77104771703227
38.0,18.0,0.0,53.608948506338606,0.0
38.0,19.0,0.0,53.90609122289153,32.30211200106092
38.0,20.0,0.0,55.322605103361326,0.0
38.0,21.0,0.0,53.46114734525353,37.918416215471254
38.0,22.0,0.0,56.61229875023636,7.821227378101362
38.0,23.0,0.0,57.328353744763994,0.0
38.0,24.0,0.0,54.71411366640728,45.77536298916162
38.0,25.0,0.0,54.10246980203927,6.739035255924486
38.0,26.0,0.0,55.09457691390582,65.20927501687734
38.0,27.0,0.0,54.41105681657373,0.0
38.0,28.0,0.0,54.7102718988594,0.0
38.0,29.0,0.0,56.67566152829815,0.0
38.0,30.0,0.0,54.10998476609315,67.02440168607768
38.0,31.0,0.0,52.65300617094937,0.0
38.0,32.0,0.0,55.754848414203096,147.45061041650064
38.0,33.0,0.0,57.49638960453969,92.7538905429966
38.0,34.0,0.0,50.09861965499764,0.0
38.0,35.0,0.0,53.31112448984799,258.3657629809703
38.0,36.0,0.0,52.31137677742056,302.48886272414995
38.0,37.0,0.0,54.73768920258782,0.0
38.0,38.0,0.0,54.338342273554304,0.0
38.0,39.0,0.0,54.86646163904622,93.76630632596708
38.0,40.0,0.0,53.05652250169931,78.63341199813397
39.0,1.0,0.0,52.63494122776273,148.30222274532264
39.0,2.0,0.0,56.14077752437369,231.31770941150063
39.0,3.0,0.0,56.60130363890133,0.0
39.0,4.0,0.0,56.47851925839838,0.0
39.0,5.0,0.0,51.5567604775502,0.0
39.0,6.0,0.0,55.566525533801894,0.0
39.0,7.0,0.0,55.63385052131002,0.0
39.0,8.0,0.0,55.01191611086763,0.0
39.0,9.0,0.0,55.59502120978193,0.0
39.0,10.0,0.0,52.402085310337846,79.94417806874148
39.0,11.0,0.0,55.99447683552994,31.47345540179966
39.0,12.0,0.0,53.85956775501824,0.0
39.0,13.0,0.0,54.580060304020705,14.65639600450793
39.0,14.0,0.0,56.53443474122389,0.0
39.0,15.0,0.0,54.45543666780063,93.07905326265323
39.0,16.0,0.0,54.22556838118012,0.0
39.0,17.0,0.0,55.60848116795516,87.46825899754323
39.0,18.0,0.0,51.0417469221301,90.7070823433029
39.0,19.0,0.0,54.64016226270776,38.425668080029936
39.0,20.0,0.0,52.70566155124647,0.0
39.0,21.0,0.0,53.67677377327191,158.71049862004335
39.0,22.0,0.0,56.39320194292996,285.23081587738557
39.0,23.0,0.0,55.26857978487465,0.0
39.0,24.0,0.0,51.55685726338722,43.87120933779896
39.0,25.0,0.0,52.97028230996882,0.0
39.0,26.0,0.0,53.39709422013569,0.0
39.0,27.0,0.0,53.57783594700557,78.93802115711213
39.0,28.0,0.0,55.05673655936038,34.02901352710601
39.0,29.0,0.0,56.67163079404885,0.0
39.0,30.0,0.0,52.25428957042954,30.23934345727882
39.0,31.0,0.0,55.55080570768929,0.0
39.0,32.0,0.0,53.10183323217392,115.99492718815908
39.0,33.0,0.0,54.916161790512646,177.01094862479385
39.0,34.0,0.0,56.330493692881134,0.0
39.0,35.0,0.0,51.285562497111826,114.82895269956018
39.0,36.0,0.0,50.58129635599519,99.90065733553415
39.0,37.0,0.0,52.83621122585239,196.57214231897032
39.0,38.0,0.0,49.5875747350625,113.7112154220776
39.0,39.0,0.0,54.03253899967965,203.3291828098309
39.0,40.0,0.0,55.83796012860799,209.85918505351714
40.0,1.0,0.0,54.43575406966668,0.0
40.0,2.0,0.0,53.89987916987247,0.0
40.0,3.0,0.0,54.88435563474158,210.04616704981842
40.0,4.0,0.0,54.944687923586294,0.0
40.0,5.0,0.0,53.576452142409565,72.01464450295555
40.0,6.0,0.0,56.702845781783836,0.0
40.0,7.0,0.0,56.39798184177527,76.56373639001721
40.0,8.0,0.0,52.623427105123206,0.0
40.0,9.0,0.0,56.468454571574526,187.56381479010705
40.0,10.0,0.0,54.773622864643784,103.04411936361073
40.0,11.0,0.0,52.10132892603083,18.340325882693396
40.0,12.0,0.0,52.632128532670585,0.0
40.0,13.0,0.0,54.71215086002794,0.0
40.0,14.0,0.0,55.96792167704368,15.512364260045743
40.0,15.0,0.0,56.53511922945673,69.58139432181287
40.0,16.0,0.0,53.91297894041332,25.758554869640562
40.0,17.0,0.0,55.49752014837153,0.0
40.0,18.0,0.0,55.06349492431114,5.97937982421413
40.0,19.0,0.0,52.1094632158545,0.0
40.0,20.0,0.0,56.1607878704373,35.03670787848549
40.0,21.0,0.0,54.71519077611625,83.34250570919588
40.0,22.0,0.0,54.42652246495365,26.275761551009616
40.0,23.0,0.0,54.096288813150366,0.0
40.0,24.0,0.0,56.13545272847515,44.1827079018273
40.0,25.0,0.0,58.51696832615966,0.0
40.0,26.0,0.0,56.02775890123864,0.0
40.0,27.0,0.0,56.238453487691466,0.0
40.0,28.0,0.0,53.04260995583942,0.0
40.0,29.0,0.0,53.45136351931954,0.0
40.0,30.0,0.0,51.38993176159985,0.7206584659473272
40.0,31.0,0.0,55.386266125861404,27.40760087295837
40.0,32.0,0.0,56.3520763809137,0.0
40.0,33.0,0.0,55.29886592155512,95.32057604101111
40.0,34.0,0.0,55.29162546396309,271.89011653927446
40.0,35.0,0.0,53.95234563172597,183.75126142803327
40.0,36.0,0.0,53.51102670516104,130.7951230388602
40.0,37.0,0.0,52.28095900710096,121.0097839906727
40.0,38.0,0.0,53.16205712414917,14.46986285838511
40.0,39.0,0.0,52.4715832119207,194.45755923318384
40.0,40.0,0.0,57.76972065189871,251.3833094457259
